CustomerID,churn_probability,churn_prediction,threshold,churn_risk,predicted_revenue,revenue_segment,customer_segment
12346,0.649028,1,0.442809,Medium Risk,218.560000,Low Value,Standard Customer
12347,0.179541,0,0.442809,Low Risk,1287.230000,Medium Value,Standard Customer
12348,0.373580,0,0.442809,Medium Risk,0.000000,Low Value,Standard Customer
12350,0.738456,1,0.442809,High Risk,110.940000,Low Value,At-Risk Customer
12352,0.315202,0,0.442809,Low Risk,482.670000,Low Value,Standard Customer
12353,0.654254,1,0.442809,High Risk,210.470000,Low Value,At-Risk Customer
12354,0.602661,1,0.442809,Medium Risk,0.000000,Low Value,Standard Customer
12355,0.647769,1,0.442809,Medium Risk,78.510000,Low Value,Standard Customer
12356,0.377479,0,0.442809,Medium Risk,572.480000,Medium Value,Standard Customer
12358,0.515352,1,0.442809,Medium Risk,170.590000,Low Value,Standard Customer
12359,0.208392,0,0.442809,Low Risk,2120.130000,High Value,Loyal High-Value Customer
12360,0.290314,0,0.442809,Low Risk,559.070000,Medium Value,Standard Customer
12361,0.714402,1,0.442809,High Risk,176.540000,Low Value,At-Risk Customer
12362,0.157137,0,0.442809,Low Risk,848.880000,Medium Value,Standard Customer
12363,0.367237,0,0.442809,Medium Risk,185.360000,Low Value,Standard Customer
12364,0.379659,0,0.442809,Medium Risk,0.000000,Low Value,Standard Customer
12365,0.640207,1,0.442809,Medium Risk,283.050000,Low Value,Standard Customer
12370,0.327694,0,0.442809,Low Risk,701.480000,Medium Value,Standard Customer
12372,0.434855,0,0.442809,Medium Risk,265.840000,Low Value,Standard Customer
12373,0.740149,1,0.442809,High Risk,115.850000,Low Value,At-Risk Customer
12375,0.435397,0,0.442809,Medium Risk,152.260000,Low Value,Standard Customer
12377,0.582498,1,0.442809,Medium Risk,397.740000,Low Value,Standard Customer
12378,0.297095,0,0.442809,Low Risk,0.000000,Low Value,Standard Customer
12379,0.450611,1,0.442809,Medium Risk,282.930000,Low Value,Standard Customer
12380,0.477976,1,0.442809,Medium Risk,30.070000,Low Value,Standard Customer
12381,0.301380,0,0.442809,Low Risk,433.210000,Low Value,Standard Customer
12383,0.175123,0,0.442809,Low Risk,573.710000,Medium Value,Standard Customer
12384,0.470420,1,0.442809,Medium Risk,176.180000,Low Value,Standard Customer
12386,0.703892,1,0.442809,High Risk,185.980000,Low Value,At-Risk Customer
12388,0.247007,0,0.442809,Low Risk,898.840000,Medium Value,Standard Customer
12393,0.447088,1,0.442809,Medium Risk,549.480000,Medium Value,Standard Customer
12394,0.641909,1,0.442809,Medium Risk,107.600000,Low Value,Standard Customer
12395,0.116551,0,0.442809,Low Risk,584.360000,Medium Value,Standard Customer
12397,0.369174,0,0.442809,Medium Risk,0.000000,Low Value,Standard Customer
12399,0.278763,0,0.442809,Low Risk,155.350000,Low Value,Standard Customer
12401,0.756123,1,0.442809,High Risk,231.320000,Low Value,At-Risk Customer
12402,0.727476,1,0.442809,High Risk,182.090000,Low Value,At-Risk Customer
12405,0.535197,1,0.442809,Medium Risk,0.000000,Low Value,Standard Customer
12406,0.305222,0,0.442809,Low Risk,421.210000,Low Value,Standard Customer
12407,0.218745,0,0.442809,Low Risk,350.960000,Low Value,Standard Customer
12408,0.141443,0,0.442809,Low Risk,1181.900000,Medium Value,Standard Customer
12409,0.268130,0,0.442809,Low Risk,1360.380000,Medium Value,Standard Customer
12410,0.633275,1,0.442809,Medium Risk,513.780000,Medium Value,Standard Customer
12412,0.341869,0,0.442809,Low Risk,234.130000,Low Value,Standard Customer
12413,0.529843,1,0.442809,Medium Risk,399.800000,Low Value,Standard Customer
12414,0.507835,1,0.442809,Medium Risk,359.090000,Low Value,Standard Customer
12415,0.084654,0,0.442809,Low Risk,51779.970000,High Value,Loyal High-Value Customer
12417,0.109166,0,0.442809,Low Risk,1640.800000,Medium Value,Standard Customer
12418,0.392200,0,0.442809,Medium Risk,0.000000,Low Value,Standard Customer
12421,0.288240,0,0.442809,Low Risk,336.220000,Low Value,Standard Customer
12422,0.335446,0,0.442809,Low Risk,444.840000,Low Value,Standard Customer
12423,0.130446,0,0.442809,Low Risk,696.310000,Medium Value,Standard Customer
12424,0.424715,0,0.442809,Medium Risk,625.430000,Medium Value,Standard Customer
12426,0.607070,1,0.442809,Medium Risk,59.040000,Low Value,Standard Customer
12427,0.668650,1,0.442809,High Risk,303.100000,Low Value,At-Risk Customer
12428,0.087987,0,0.442809,Low Risk,4496.890000,High Value,Loyal High-Value Customer
12429,0.274840,0,0.442809,Low Risk,1420.630000,Medium Value,Standard Customer
12431,0.092974,0,0.442809,Low Risk,3014.150000,High Value,Loyal High-Value Customer
12432,0.290286,0,0.442809,Low Risk,1977.580000,Medium Value,Standard Customer
12433,0.122049,0,0.442809,Low Risk,768.100000,Medium Value,Standard Customer
12434,0.522345,1,0.442809,Medium Risk,307.870000,Low Value,Standard Customer
12435,0.595895,1,0.442809,Medium Risk,0.000000,Low Value,Standard Customer
12436,0.516119,1,0.442809,Medium Risk,82.680000,Low Value,Standard Customer
12437,0.107588,0,0.442809,Low Risk,1288.990000,Medium Value,Standard Customer
12438,0.399237,0,0.442809,Medium Risk,0.000000,Low Value,Standard Customer
12441,0.744349,1,0.442809,High Risk,165.530000,Low Value,At-Risk Customer
12444,0.256776,0,0.442809,Low Risk,1112.970000,Medium Value,Standard Customer
12447,0.685527,1,0.442809,High Risk,109.630000,Low Value,At-Risk Customer
12449,0.209840,0,0.442809,Low Risk,1315.950000,Medium Value,Standard Customer
12450,0.579773,1,0.442809,Medium Risk,206.780000,Low Value,Standard Customer
12451,0.167402,0,0.442809,Low Risk,942.550000,Medium Value,Standard Customer
12453,0.467523,1,0.442809,Medium Risk,0.000000,Low Value,Standard Customer
12455,0.183014,0,0.442809,Low Risk,656.100000,Medium Value,Standard Customer
12456,0.263704,0,0.442809,Low Risk,957.020000,Medium Value,Standard Customer
12457,0.217339,0,0.442809,Low Risk,613.420000,Medium Value,Standard Customer
12458,0.672128,1,0.442809,High Risk,62.070000,Low Value,At-Risk Customer
12461,0.346128,0,0.442809,Low Risk,412.170000,Low Value,Standard Customer
12462,0.523368,1,0.442809,Medium Risk,394.870000,Low Value,Standard Customer
12463,0.228442,0,0.442809,Low Risk,510.660000,Medium Value,Standard Customer
12464,0.232015,0,0.442809,Low Risk,723.740000,Medium Value,Standard Customer
12465,0.553307,1,0.442809,Medium Risk,21.500000,Low Value,Standard Customer
12468,0.368676,0,0.442809,Medium Risk,402.060000,Low Value,Standard Customer
12471,0.083483,0,0.442809,Low Risk,6843.270000,High Value,Loyal High-Value Customer
12472,0.098705,0,0.442809,Low Risk,2083.400000,High Value,Loyal High-Value Customer
12473,0.237619,0,0.442809,Low Risk,409.730000,Low Value,Standard Customer
12474,0.084902,0,0.442809,Low Risk,1883.230000,Medium Value,Standard Customer
12476,0.105245,0,0.442809,Low Risk,2046.100000,High Value,Loyal High-Value Customer
12477,0.115035,0,0.442809,Low Risk,5850.770000,High Value,Loyal High-Value Customer
12480,0.230545,0,0.442809,Low Risk,851.640000,Medium Value,Standard Customer
12481,0.133849,0,0.442809,Low Risk,2100.360000,High Value,Loyal High-Value Customer
12483,0.138706,0,0.442809,Low Risk,906.220000,Medium Value,Standard Customer
12484,0.120543,0,0.442809,Low Risk,1689.700000,Medium Value,Standard Customer
12489,0.759281,1,0.442809,High Risk,181.850000,Low Value,At-Risk Customer
12490,0.151489,0,0.442809,Low Risk,1702.500000,Medium Value,Standard Customer
12492,0.453996,1,0.442809,Medium Risk,159.450000,Low Value,Standard Customer
12493,0.440776,0,0.442809,Medium Risk,310.290000,Low Value,Standard Customer
12494,0.153302,0,0.442809,Low Risk,516.020000,Medium Value,Standard Customer
12500,0.179214,0,0.442809,Low Risk,738.260000,Medium Value,Standard Customer
12501,0.459831,1,0.442809,Medium Risk,42.350000,Low Value,Standard Customer
12502,0.254257,0,0.442809,Low Risk,2598.400000,High Value,Loyal High-Value Customer
12503,0.772968,1,0.442809,High Risk,152.230000,Low Value,At-Risk Customer
12505,0.713808,1,0.442809,High Risk,235.610000,Low Value,At-Risk Customer
12506,0.656434,1,0.442809,High Risk,196.700000,Low Value,At-Risk Customer
12507,0.337623,0,0.442809,Low Risk,499.710000,Low Value,Standard Customer
12509,0.713862,1,0.442809,High Risk,202.890000,Low Value,At-Risk Customer
12510,0.483542,1,0.442809,Medium Risk,464.380000,Low Value,Standard Customer
12513,0.387570,0,0.442809,Medium Risk,0.000000,Low Value,Standard Customer
12514,0.678072,1,0.442809,High Risk,0.000000,Low Value,At-Risk Customer
12515,0.760127,1,0.442809,High Risk,169.150000,Low Value,At-Risk Customer
12516,0.587739,1,0.442809,Medium Risk,8.570000,Low Value,Standard Customer
12517,0.190804,0,0.442809,Low Risk,312.050000,Low Value,Standard Customer
12518,0.447169,1,0.442809,Medium Risk,85.230000,Low Value,Standard Customer
12520,0.172075,0,0.442809,Low Risk,955.090000,Medium Value,Standard Customer
12521,0.471500,1,0.442809,Medium Risk,9.810000,Low Value,Standard Customer
12523,0.164120,0,0.442809,Low Risk,560.540000,Medium Value,Standard Customer
12524,0.164714,0,0.442809,Low Risk,1146.480000,Medium Value,Standard Customer
12526,0.391446,0,0.442809,Medium Risk,0.000000,Low Value,Standard Customer
12527,0.631541,1,0.442809,Medium Risk,204.540000,Low Value,Standard Customer
12528,0.205866,0,0.442809,Low Risk,831.660000,Medium Value,Standard Customer
12530,0.246004,0,0.442809,Low Risk,638.090000,Medium Value,Standard Customer
12534,0.375881,0,0.442809,Medium Risk,0.000000,Low Value,Standard Customer
12535,0.418513,0,0.442809,Medium Risk,404.080000,Low Value,Standard Customer
12539,0.235981,0,0.442809,Low Risk,1148.180000,Medium Value,Standard Customer
12540,0.086979,0,0.442809,Low Risk,5435.280000,High Value,Loyal High-Value Customer
12541,0.460319,1,0.442809,Medium Risk,175.590000,Low Value,Standard Customer
12545,0.561735,1,0.442809,Medium Risk,7.260000,Low Value,Standard Customer
12547,0.627345,1,0.442809,Medium Risk,214.450000,Low Value,Standard Customer
12548,0.619735,1,0.442809,Medium Risk,183.830000,Low Value,Standard Customer
12551,0.754752,1,0.442809,High Risk,179.360000,Low Value,At-Risk Customer
12553,0.111652,0,0.442809,Low Risk,1263.870000,Medium Value,Standard Customer
12556,0.429879,0,0.442809,Medium Risk,72.550000,Low Value,Standard Customer
12557,0.223382,0,0.442809,Low Risk,4839.770000,High Value,Loyal High-Value Customer
12559,0.646853,1,0.442809,Medium Risk,364.420000,Low Value,Standard Customer
12560,0.232569,0,0.442809,Low Risk,547.920000,Medium Value,Standard Customer
12561,0.682254,1,0.442809,High Risk,117.070000,Low Value,At-Risk Customer
12562,0.261055,0,0.442809,Low Risk,724.350000,Medium Value,Standard Customer
12564,0.711151,1,0.442809,High Risk,155.240000,Low Value,At-Risk Customer
12565,0.698641,1,0.442809,High Risk,225.200000,Low Value,At-Risk Customer
12567,0.087867,0,0.442809,Low Risk,4550.170000,High Value,Loyal High-Value Customer
12569,0.097867,0,0.442809,Low Risk,1313.600000,Medium Value,Standard Customer
12571,0.481978,1,0.442809,Medium Risk,76.930000,Low Value,Standard Customer
12573,0.640376,1,0.442809,Medium Risk,157.220000,Low Value,Standard Customer
12574,0.713351,1,0.442809,High Risk,203.670000,Low Value,At-Risk Customer
12576,0.189352,0,0.442809,Low Risk,391.930000,Low Value,Standard Customer
12577,0.679026,1,0.442809,High Risk,112.950000,Low Value,At-Risk Customer
12578,0.426833,0,0.442809,Medium Risk,750.480000,Medium Value,Standard Customer
12580,0.685611,1,0.442809,High Risk,72.810000,Low Value,At-Risk Customer
12582,0.629091,1,0.442809,Medium Risk,261.050000,Low Value,Standard Customer
12583,0.100625,0,0.442809,Low Risk,1453.940000,Medium Value,Standard Customer
12584,0.210523,0,0.442809,Low Risk,584.230000,Medium Value,Standard Customer
12585,0.355657,0,0.442809,Medium Risk,787.920000,Medium Value,Standard Customer
12586,0.704288,1,0.442809,High Risk,245.800000,Low Value,At-Risk Customer
12589,0.554597,1,0.442809,Medium Risk,155.230000,Low Value,Standard Customer
12590,0.368315,0,0.442809,Medium Risk,4145.560000,High Value,Standard Customer
12591,0.743041,1,0.442809,High Risk,92.370000,Low Value,At-Risk Customer
12592,0.441990,0,0.442809,Medium Risk,212.150000,Low Value,Standard Customer
12593,0.379969,0,0.442809,Medium Risk,307.040000,Low Value,Standard Customer
12594,0.127717,0,0.442809,Low Risk,1317.530000,Medium Value,Standard Customer
12596,0.635056,1,0.442809,Medium Risk,125.840000,Low Value,Standard Customer
12597,0.327041,0,0.442809,Low Risk,456.950000,Low Value,Standard Customer
12598,0.223778,0,0.442809,Low Risk,743.410000,Medium Value,Standard Customer
12599,0.202271,0,0.442809,Low Risk,305.160000,Low Value,Standard Customer
12600,0.153496,0,0.442809,Low Risk,1416.870000,Medium Value,Standard Customer
12601,0.395491,0,0.442809,Medium Risk,424.830000,Low Value,Standard Customer
12604,0.684704,1,0.442809,High Risk,138.960000,Low Value,At-Risk Customer
12605,0.759687,1,0.442809,High Risk,245.930000,Low Value,At-Risk Customer
12609,0.365327,0,0.442809,Medium Risk,242.850000,Low Value,Standard Customer
12610,0.257669,0,0.442809,Low Risk,567.770000,Medium Value,Standard Customer
12613,0.265439,0,0.442809,Low Risk,731.790000,Medium Value,Standard Customer
12614,0.724030,1,0.442809,High Risk,187.730000,Low Value,At-Risk Customer
12615,0.498587,1,0.442809,Medium Risk,0.000000,Low Value,Standard Customer
12616,0.267530,0,0.442809,Low Risk,473.360000,Low Value,Standard Customer
12619,0.172109,0,0.442809,Low Risk,323.110000,Low Value,Standard Customer
12620,0.563809,1,0.442809,Medium Risk,0.000000,Low Value,Standard Customer
12621,0.083804,0,0.442809,Low Risk,5780.930000,High Value,Loyal High-Value Customer
12622,0.674901,1,0.442809,High Risk,181.830000,Low Value,At-Risk Customer
12623,0.671707,1,0.442809,High Risk,106.770000,Low Value,At-Risk Customer
12624,0.380554,0,0.442809,Medium Risk,261.840000,Low Value,Standard Customer
12625,0.372313,0,0.442809,Medium Risk,875.110000,Medium Value,Standard Customer
12626,0.096846,0,0.442809,Low Risk,2565.360000,High Value,Loyal High-Value Customer
12627,0.157405,0,0.442809,Low Risk,1216.010000,Medium Value,Standard Customer
12633,0.214785,0,0.442809,Low Risk,878.470000,Medium Value,Standard Customer
12635,0.431478,0,0.442809,Medium Risk,0.000000,Low Value,Standard Customer
12637,0.097051,0,0.442809,Low Risk,3082.250000,High Value,Loyal High-Value Customer
12639,0.684193,1,0.442809,High Risk,104.960000,Low Value,At-Risk Customer
12641,0.543479,1,0.442809,Medium Risk,162.820000,Low Value,Standard Customer
12642,0.433512,0,0.442809,Medium Risk,19.530000,Low Value,Standard Customer
12643,0.277968,0,0.442809,Low Risk,1740.920000,Medium Value,Standard Customer
12644,0.433742,0,0.442809,Medium Risk,0.000000,Low Value,Standard Customer
12645,0.220169,0,0.442809,Low Risk,552.110000,Medium Value,Standard Customer
12647,0.117572,0,0.442809,Low Risk,1903.740000,Medium Value,Standard Customer
12648,0.559402,1,0.442809,Medium Risk,108.350000,Low Value,Standard Customer
12649,0.276998,0,0.442809,Low Risk,193.710000,Low Value,Standard Customer
12651,0.738489,1,0.442809,High Risk,187.870000,Low Value,At-Risk Customer
12652,0.605886,1,0.442809,Medium Risk,333.890000,Low Value,Standard Customer
12653,0.386310,0,0.442809,Medium Risk,740.590000,Medium Value,Standard Customer
12654,0.516230,1,0.442809,Medium Risk,298.530000,Low Value,Standard Customer
12656,0.188758,0,0.442809,Low Risk,1513.210000,Medium Value,Standard Customer
12662,0.121506,0,0.442809,Low Risk,1403.310000,Medium Value,Standard Customer
12664,0.335979,0,0.442809,Low Risk,1205.000000,Medium Value,Standard Customer
12665,0.710397,1,0.442809,High Risk,225.660000,Low Value,At-Risk Customer
12666,0.789837,1,0.442809,High Risk,265.190000,Low Value,At-Risk Customer
12668,0.257217,0,0.442809,Low Risk,1452.930000,Medium Value,Standard Customer
12669,0.206999,0,0.442809,Low Risk,562.210000,Medium Value,Standard Customer
12670,0.253462,0,0.442809,Low Risk,761.750000,Medium Value,Standard Customer
12672,0.736464,1,0.442809,High Risk,195.180000,Low Value,At-Risk Customer
12673,0.690634,1,0.442809,High Risk,118.150000,Low Value,At-Risk Customer
12674,0.224854,0,0.442809,Low Risk,658.520000,Medium Value,Standard Customer
12676,0.285127,0,0.442809,Low Risk,573.500000,Medium Value,Standard Customer
12678,0.097258,0,0.442809,Low Risk,4024.380000,High Value,Loyal High-Value Customer
12679,0.360312,0,0.442809,Medium Risk,490.200000,Low Value,Standard Customer
12680,0.451728,1,0.442809,Medium Risk,52.600000,Low Value,Standard Customer
12681,0.089735,0,0.442809,Low Risk,5489.760000,High Value,Loyal High-Value Customer
12682,0.085304,0,0.442809,Low Risk,5298.290000,High Value,Loyal High-Value Customer
12683,0.085968,0,0.442809,Low Risk,3256.300000,High Value,Loyal High-Value Customer
12684,0.258334,0,0.442809,Low Risk,318.410000,Low Value,Standard Customer
12685,0.233635,0,0.442809,Low Risk,361.310000,Low Value,Standard Customer
12686,0.756821,1,0.442809,High Risk,172.680000,Low Value,At-Risk Customer
12688,0.278699,0,0.442809,Low Risk,0.000000,Low Value,Standard Customer
12689,0.415769,0,0.442809,Medium Risk,23.430000,Low Value,Standard Customer
12690,0.628197,1,0.442809,Medium Risk,164.180000,Low Value,Standard Customer
12691,0.328796,0,0.442809,Low Risk,439.580000,Low Value,Standard Customer
12693,0.261377,0,0.442809,Low Risk,627.370000,Medium Value,Standard Customer
12694,0.560003,1,0.442809,Medium Risk,7.580000,Low Value,Standard Customer
12695,0.382437,0,0.442809,Medium Risk,235.750000,Low Value,Standard Customer
12697,0.314260,0,0.442809,Low Risk,412.230000,Low Value,Standard Customer
12700,0.209506,0,0.442809,Low Risk,623.510000,Medium Value,Standard Customer
12701,0.652688,1,0.442809,High Risk,62.630000,Low Value,At-Risk Customer
12704,0.290323,0,0.442809,Low Risk,591.000000,Medium Value,Standard Customer
12705,0.116572,0,0.442809,Low Risk,1814.660000,Medium Value,Standard Customer
12707,0.719805,1,0.442809,High Risk,74.900000,Low Value,At-Risk Customer
12708,0.104419,0,0.442809,Low Risk,1100.250000,Medium Value,Standard Customer
12709,0.087475,0,0.442809,Low Risk,4508.810000,High Value,Loyal High-Value Customer
12710,0.262434,0,0.442809,Low Risk,380.440000,Low Value,Standard Customer
12712,0.103773,0,0.442809,Low Risk,2892.330000,High Value,Loyal High-Value Customer
12714,0.139003,0,0.442809,Low Risk,1106.500000,Medium Value,Standard Customer
12715,0.472220,1,0.442809,Medium Risk,78.250000,Low Value,Standard Customer
12716,0.397578,0,0.442809,Medium Risk,0.000000,Low Value,Standard Customer
12717,0.324009,0,0.442809,Low Risk,476.940000,Low Value,Standard Customer
12720,0.085452,0,0.442809,Low Risk,1130.120000,Medium Value,Standard Customer
12721,0.192511,0,0.442809,Low Risk,674.570000,Medium Value,Standard Customer
12722,0.201971,0,0.442809,Low Risk,399.930000,Low Value,Standard Customer
12724,0.504310,1,0.442809,Medium Risk,213.590000,Low Value,Standard Customer
12725,0.754436,1,0.442809,High Risk,145.780000,Low Value,At-Risk Customer
12726,0.210474,0,0.442809,Low Risk,0.000000,Low Value,Standard Customer
12727,0.120378,0,0.442809,Low Risk,1774.490000,Medium Value,Standard Customer
12728,0.525239,1,0.442809,Medium Risk,425.600000,Low Value,Standard Customer
12729,0.448212,1,0.442809,Medium Risk,56.960000,Low Value,Standard Customer
12731,0.102591,0,0.442809,Low Risk,6591.740000,High Value,Loyal High-Value Customer
12732,0.587768,1,0.442809,Medium Risk,147.590000,Low Value,Standard Customer
12733,0.690735,1,0.442809,High Risk,141.610000,Low Value,At-Risk Customer
12734,0.742484,1,0.442809,High Risk,187.230000,Low Value,At-Risk Customer
12735,0.633660,1,0.442809,Medium Risk,360.740000,Low Value,Standard Customer
12736,0.737800,1,0.442809,High Risk,133.650000,Low Value,At-Risk Customer
12738,0.709348,1,0.442809,High Risk,145.720000,Low Value,At-Risk Customer
12739,0.373437,0,0.442809,Medium Risk,0.000000,Low Value,Standard Customer
12743,0.297298,0,0.442809,Low Risk,177.710000,Low Value,Standard Customer
12744,0.106780,0,0.442809,Low Risk,3960.290000,High Value,Loyal High-Value Customer
12747,0.149145,0,0.442809,Low Risk,1956.810000,Medium Value,Standard Customer
12748,0.084647,0,0.442809,Low Risk,4203.770000,High Value,Loyal High-Value Customer
12749,0.145807,0,0.442809,Low Risk,1499.150000,Medium Value,Standard Customer
12750,0.512994,1,0.442809,Medium Risk,121.970000,Low Value,Standard Customer
12753,0.090522,0,0.442809,Low Risk,8655.950000,High Value,Loyal High-Value Customer
12754,0.209826,0,0.442809,Low Risk,0.000000,Low Value,Standard Customer
12755,0.561396,1,0.442809,Medium Risk,1300.050000,Medium Value,Standard Customer
12757,0.101121,0,0.442809,Low Risk,840.530000,Medium Value,Standard Customer
12758,0.249864,0,0.442809,Low Risk,160.090000,Low Value,Standard Customer
12759,0.380997,0,0.442809,Medium Risk,303.730000,Low Value,Standard Customer
12763,0.462634,1,0.442809,Medium Risk,228.400000,Low Value,Standard Customer
12764,0.729490,1,0.442809,High Risk,63.740000,Low Value,At-Risk Customer
12766,0.150083,0,0.442809,Low Risk,2407.810000,High Value,Loyal High-Value Customer
12769,0.684174,1,0.442809,High Risk,39.370000,Low Value,At-Risk Customer
12770,0.646711,1,0.442809,Medium Risk,0.000000,Low Value,Standard Customer
12775,0.253137,0,0.442809,Low Risk,552.860000,Medium Value,Standard Customer
12778,0.389979,0,0.442809,Medium Risk,203.010000,Low Value,Standard Customer
12779,0.137774,0,0.442809,Low Risk,1739.310000,Medium Value,Standard Customer
12781,0.588559,1,0.442809,Medium Risk,252.080000,Low Value,Standard Customer
12782,0.204436,0,0.442809,Low Risk,1108.240000,Medium Value,Standard Customer
12785,0.748574,1,0.442809,High Risk,166.750000,Low Value,At-Risk Customer
12787,0.367403,0,0.442809,Medium Risk,213.860000,Low Value,Standard Customer
12790,0.619045,1,0.442809,Medium Risk,110.580000,Low Value,Standard Customer
12791,0.743929,1,0.442809,High Risk,192.230000,Low Value,At-Risk Customer
12792,0.684963,1,0.442809,High Risk,87.280000,Low Value,At-Risk Customer
12793,0.683602,1,0.442809,High Risk,298.580000,Low Value,At-Risk Customer
12794,0.424776,0,0.442809,Medium Risk,52.800000,Low Value,Standard Customer
12797,0.699363,1,0.442809,High Risk,277.050000,Low Value,At-Risk Customer
12798,0.439968,0,0.442809,Medium Risk,0.000000,Low Value,Standard Customer
12802,0.503325,1,0.442809,Medium Risk,192.930000,Low Value,Standard Customer
12808,0.531562,1,0.442809,Medium Risk,264.700000,Low Value,Standard Customer
12809,0.480223,1,0.442809,Medium Risk,289.380000,Low Value,Standard Customer
12811,0.596768,1,0.442809,Medium Risk,372.770000,Low Value,Standard Customer
12814,0.461838,1,0.442809,Medium Risk,178.470000,Low Value,Standard Customer
12815,0.465131,1,0.442809,Medium Risk,484.650000,Low Value,Standard Customer
12816,0.413891,0,0.442809,Medium Risk,389.800000,Low Value,Standard Customer
12817,0.701827,1,0.442809,High Risk,205.370000,Low Value,At-Risk Customer
12818,0.434038,0,0.442809,Medium Risk,375.490000,Low Value,Standard Customer
12820,0.726400,1,0.442809,High Risk,141.310000,Low Value,At-Risk Customer
12821,0.692395,1,0.442809,High Risk,175.460000,Low Value,At-Risk Customer
12823,0.370115,0,0.442809,Medium Risk,1006.150000,Medium Value,Standard Customer
12826,0.235906,0,0.442809,Low Risk,270.000000,Low Value,Standard Customer
12828,0.295228,0,0.442809,Low Risk,331.290000,Low Value,Standard Customer
12829,0.676912,1,0.442809,High Risk,106.490000,Low Value,At-Risk Customer
12830,0.116866,0,0.442809,Low Risk,0.000000,Low Value,Standard Customer
12831,0.689991,1,0.442809,High Risk,144.220000,Low Value,At-Risk Customer
12832,0.425420,0,0.442809,Medium Risk,117.830000,Low Value,Standard Customer
12833,0.526292,1,0.442809,Medium Risk,115.310000,Low Value,Standard Customer
12834,0.718059,1,0.442809,High Risk,165.720000,Low Value,At-Risk Customer
12836,0.219833,0,0.442809,Low Risk,986.050000,Medium Value,Standard Customer
12837,0.615640,1,0.442809,Medium Risk,200.230000,Low Value,Standard Customer
12838,0.712222,1,0.442809,High Risk,70.250000,Low Value,At-Risk Customer
12839,0.107458,0,0.442809,Low Risk,1397.380000,Medium Value,Standard Customer
12840,0.209716,0,0.442809,Low Risk,1362.830000,Medium Value,Standard Customer
12841,0.087777,0,0.442809,Low Risk,1243.450000,Medium Value,Standard Customer
12842,0.701491,1,0.442809,High Risk,139.470000,Low Value,At-Risk Customer
12843,0.148211,0,0.442809,Low Risk,1011.510000,Medium Value,Standard Customer
12844,0.533932,1,0.442809,Medium Risk,147.370000,Low Value,Standard Customer
12845,0.563035,1,0.442809,Medium Risk,285.780000,Low Value,Standard Customer
12849,0.552680,1,0.442809,Medium Risk,0.000000,Low Value,Standard Customer
12851,0.473927,1,0.442809,Medium Risk,103.640000,Low Value,Standard Customer
12852,0.664634,1,0.442809,High Risk,264.480000,Low Value,At-Risk Customer
12853,0.159274,0,0.442809,Low Risk,1180.980000,Medium Value,Standard Customer
12854,0.344274,0,0.442809,Low Risk,428.340000,Low Value,Standard Customer
12855,0.755784,1,0.442809,High Risk,226.530000,Low Value,At-Risk Customer
12857,0.557302,1,0.442809,Medium Risk,544.700000,Medium Value,Standard Customer
12863,0.592677,1,0.442809,Medium Risk,219.230000,Low Value,Standard Customer
12864,0.564256,1,0.442809,Medium Risk,66.730000,Low Value,Standard Customer
12865,0.333628,0,0.442809,Low Risk,320.280000,Low Value,Standard Customer
12866,0.731225,1,0.442809,High Risk,135.910000,Low Value,At-Risk Customer
12867,0.097619,0,0.442809,Low Risk,262.040000,Low Value,Standard Customer
12868,0.236519,0,0.442809,Low Risk,806.360000,Medium Value,Standard Customer
12870,0.746477,1,0.442809,High Risk,244.870000,Low Value,At-Risk Customer
12871,0.634771,1,0.442809,Medium Risk,171.960000,Low Value,Standard Customer
12872,0.599646,1,0.442809,Medium Risk,281.540000,Low Value,Standard Customer
12873,0.743479,1,0.442809,High Risk,168.850000,Low Value,At-Risk Customer
12875,0.485888,1,0.442809,Medium Risk,0.000000,Low Value,Standard Customer
12876,0.456309,1,0.442809,Medium Risk,0.000000,Low Value,Standard Customer
12877,0.140953,0,0.442809,Low Risk,495.070000,Low Value,Standard Customer
12878,0.427781,0,0.442809,Medium Risk,263.440000,Low Value,Standard Customer
12879,0.425918,0,0.442809,Medium Risk,170.110000,Low Value,Standard Customer
12881,0.720515,1,0.442809,High Risk,235.240000,Low Value,At-Risk Customer
12885,0.362361,0,0.442809,Medium Risk,261.680000,Low Value,Standard Customer
12886,0.402014,0,0.442809,Medium Risk,292.330000,Low Value,Standard Customer
12888,0.576908,1,0.442809,Medium Risk,359.180000,Low Value,Standard Customer
12891,0.439887,0,0.442809,Medium Risk,0.000000,Low Value,Standard Customer
12897,0.609316,1,0.442809,Medium Risk,240.550000,Low Value,Standard Customer
12901,0.085561,0,0.442809,Low Risk,2688.820000,High Value,Loyal High-Value Customer
12902,0.683940,1,0.442809,High Risk,186.610000,Low Value,At-Risk Customer
12904,0.507651,1,0.442809,Medium Risk,93.150000,Low Value,Standard Customer
12908,0.389877,0,0.442809,Medium Risk,6.950000,Low Value,Standard Customer
12909,0.232778,0,0.442809,Low Risk,793.580000,Medium Value,Standard Customer
12910,0.255811,0,0.442809,Low Risk,721.660000,Medium Value,Standard Customer
12913,0.485312,1,0.442809,Medium Risk,557.970000,Medium Value,Standard Customer
12915,0.496007,1,0.442809,Medium Risk,313.150000,Low Value,Standard Customer
12916,0.256317,0,0.442809,Low Risk,1812.460000,Medium Value,Standard Customer
12917,0.583484,1,0.442809,Medium Risk,169.340000,Low Value,Standard Customer
12919,0.317026,0,0.442809,Low Risk,332.280000,Low Value,Standard Customer
12921,0.083629,0,0.442809,Low Risk,5120.780000,High Value,Loyal High-Value Customer
12922,0.530923,1,0.442809,Medium Risk,0.000000,Low Value,Standard Customer
12924,0.448336,1,0.442809,Medium Risk,467.300000,Low Value,Standard Customer
12928,0.307910,0,0.442809,Low Risk,461.650000,Low Value,Standard Customer
12929,0.513588,1,0.442809,Medium Risk,214.290000,Low Value,Standard Customer
12930,0.402495,0,0.442809,Medium Risk,238.740000,Low Value,Standard Customer
12931,0.086138,0,0.442809,Low Risk,11626.090000,High Value,Loyal High-Value Customer
12933,0.351121,0,0.442809,Medium Risk,123.850000,Low Value,Standard Customer
12935,0.180697,0,0.442809,Low Risk,470.440000,Low Value,Standard Customer
12937,0.501442,1,0.442809,Medium Risk,226.360000,Low Value,Standard Customer
12939,0.209133,0,0.442809,Low Risk,4210.620000,High Value,Loyal High-Value Customer
12942,0.341173,0,0.442809,Low Risk,460.460000,Low Value,Standard Customer
12943,0.713330,1,0.442809,High Risk,235.670000,Low Value,At-Risk Customer
12944,0.706835,1,0.442809,High Risk,153.280000,Low Value,At-Risk Customer
12945,0.711967,1,0.442809,High Risk,135.670000,Low Value,At-Risk Customer
12947,0.113901,0,0.442809,Low Risk,453.550000,Low Value,Standard Customer
12948,0.202961,0,0.442809,Low Risk,698.540000,Medium Value,Standard Customer
12949,0.104221,0,0.442809,Low Risk,1667.390000,Medium Value,Standard Customer
12951,0.211212,0,0.442809,Low Risk,482.500000,Low Value,Standard Customer
12955,0.125855,0,0.442809,Low Risk,628.760000,Medium Value,Standard Customer
12956,0.720427,1,0.442809,High Risk,206.350000,Low Value,At-Risk Customer
12957,0.169483,0,0.442809,Low Risk,648.540000,Medium Value,Standard Customer
12962,0.505062,1,0.442809,Medium Risk,156.250000,Low Value,Standard Customer
12963,0.657330,1,0.442809,High Risk,280.330000,Low Value,At-Risk Customer
12967,0.510826,1,0.442809,Medium Risk,1037.210000,Medium Value,Standard Customer
12968,0.530743,1,0.442809,Medium Risk,161.610000,Low Value,Standard Customer
12970,0.639599,1,0.442809,Medium Risk,220.160000,Low Value,Standard Customer
12971,0.084193,0,0.442809,Low Risk,2714.010000,High Value,Loyal High-Value Customer
12974,0.641787,1,0.442809,Medium Risk,207.980000,Low Value,Standard Customer
12976,0.605473,1,0.442809,Medium Risk,0.000000,Low Value,Standard Customer
12977,0.612651,1,0.442809,Medium Risk,200.760000,Low Value,Standard Customer
12980,0.170476,0,0.442809,Low Risk,6136.650000,High Value,Loyal High-Value Customer
12981,0.519505,1,0.442809,Medium Risk,120.990000,Low Value,Standard Customer
12982,0.625588,1,0.442809,Medium Risk,196.650000,Low Value,Standard Customer
12987,0.537893,1,0.442809,Medium Risk,273.940000,Low Value,Standard Customer
12988,0.664153,1,0.442809,High Risk,121.710000,Low Value,At-Risk Customer
12989,0.135812,0,0.442809,Low Risk,2756.370000,High Value,Loyal High-Value Customer
12990,0.560353,1,0.442809,Medium Risk,248.200000,Low Value,Standard Customer
12991,0.399946,0,0.442809,Medium Risk,0.000000,Low Value,Standard Customer
12993,0.316984,0,0.442809,Low Risk,270.560000,Low Value,Standard Customer
12994,0.271181,0,0.442809,Low Risk,368.850000,Low Value,Standard Customer
12997,0.414743,0,0.442809,Medium Risk,400.650000,Low Value,Standard Customer
12999,0.507110,1,0.442809,Medium Risk,242.740000,Low Value,Standard Customer
13000,0.349580,0,0.442809,Low Risk,255.010000,Low Value,Standard Customer
13001,0.097693,0,0.442809,Low Risk,4644.920000,High Value,Loyal High-Value Customer
13002,0.741847,1,0.442809,High Risk,191.040000,Low Value,At-Risk Customer
13003,0.370351,0,0.442809,Medium Risk,194.980000,Low Value,Standard Customer
13004,0.087062,0,0.442809,Low Risk,1090.660000,Medium Value,Standard Customer
13005,0.461003,1,0.442809,Medium Risk,375.730000,Low Value,Standard Customer
13008,0.693848,1,0.442809,High Risk,225.000000,Low Value,At-Risk Customer
13011,0.777413,1,0.442809,High Risk,239.420000,Low Value,At-Risk Customer
13012,0.221425,0,0.442809,Low Risk,411.490000,Low Value,Standard Customer
13013,0.097142,0,0.442809,Low Risk,2116.720000,High Value,Loyal High-Value Customer
13014,0.136638,0,0.442809,Low Risk,1393.750000,Medium Value,Standard Customer
13015,0.286556,0,0.442809,Low Risk,997.190000,Medium Value,Standard Customer
13016,0.462907,1,0.442809,Medium Risk,0.000000,Low Value,Standard Customer
13018,0.083604,0,0.442809,Low Risk,1891.800000,Medium Value,Standard Customer
13021,0.182984,0,0.442809,Low Risk,694.480000,Medium Value,Standard Customer
13023,0.516864,1,0.442809,Medium Risk,107.400000,Low Value,Standard Customer
13026,0.289780,0,0.442809,Low Risk,0.000000,Low Value,Standard Customer
13027,0.131512,0,0.442809,Low Risk,0.000000,Low Value,Standard Customer
13029,0.431322,0,0.442809,Medium Risk,550.410000,Medium Value,Standard Customer
13030,0.658648,1,0.442809,High Risk,96.490000,Low Value,At-Risk Customer
13033,0.756655,1,0.442809,High Risk,192.420000,Low Value,At-Risk Customer
13034,0.686713,1,0.442809,High Risk,168.930000,Low Value,At-Risk Customer
13035,0.671713,1,0.442809,High Risk,96.310000,Low Value,At-Risk Customer
13037,0.294750,0,0.442809,Low Risk,459.830000,Low Value,Standard Customer
13038,0.504239,1,0.442809,Medium Risk,310.590000,Low Value,Standard Customer
13043,0.628627,1,0.442809,Medium Risk,282.290000,Low Value,Standard Customer
13044,0.712517,1,0.442809,High Risk,0.000000,Low Value,At-Risk Customer
13045,0.468672,1,0.442809,Medium Risk,57.850000,Low Value,Standard Customer
13046,0.675710,1,0.442809,High Risk,181.370000,Low Value,At-Risk Customer
13047,0.097587,0,0.442809,Low Risk,1540.690000,Medium Value,Standard Customer
13048,0.217661,0,0.442809,Low Risk,487.260000,Low Value,Standard Customer
13049,0.748282,1,0.442809,High Risk,190.100000,Low Value,At-Risk Customer
13050,0.083873,0,0.442809,Low Risk,2048.550000,High Value,Loyal High-Value Customer
13052,0.616196,1,0.442809,Medium Risk,78.200000,Low Value,Standard Customer
13055,0.609007,1,0.442809,Medium Risk,53.680000,Low Value,Standard Customer
13058,0.513669,1,0.442809,Medium Risk,207.640000,Low Value,Standard Customer
13059,0.695296,1,0.442809,High Risk,211.370000,Low Value,At-Risk Customer
13060,0.680187,1,0.442809,High Risk,153.940000,Low Value,At-Risk Customer
13062,0.628840,1,0.442809,Medium Risk,0.000000,Low Value,Standard Customer
13064,0.450546,1,0.442809,Medium Risk,333.390000,Low Value,Standard Customer
13065,0.730816,1,0.442809,High Risk,200.000000,Low Value,At-Risk Customer
13068,0.722111,1,0.442809,High Risk,180.260000,Low Value,At-Risk Customer
13069,0.083764,0,0.442809,Low Risk,0.000000,Low Value,Standard Customer
13070,0.595835,1,0.442809,Medium Risk,152.100000,Low Value,Standard Customer
13072,0.706932,1,0.442809,High Risk,190.210000,Low Value,At-Risk Customer
13075,0.528909,1,0.442809,Medium Risk,0.000000,Low Value,Standard Customer
13077,0.401254,0,0.442809,Medium Risk,128.180000,Low Value,Standard Customer
13078,0.084442,0,0.442809,Low Risk,4620.690000,High Value,Loyal High-Value Customer
13079,0.398878,0,0.442809,Medium Risk,208.010000,Low Value,Standard Customer
13080,0.653586,1,0.442809,High Risk,131.790000,Low Value,At-Risk Customer
13081,0.088963,0,0.442809,Low Risk,8518.260000,High Value,Loyal High-Value Customer
13082,0.111030,0,0.442809,Low Risk,289.740000,Low Value,Standard Customer
13085,0.484254,1,0.442809,Medium Risk,277.570000,Low Value,Standard Customer
13089,0.085652,0,0.442809,Low Risk,24136.610000,High Value,Loyal High-Value Customer
13090,0.107225,0,0.442809,Low Risk,3666.460000,High Value,Loyal High-Value Customer
13092,0.385947,0,0.442809,Medium Risk,422.090000,Low Value,Standard Customer
13093,0.212680,0,0.442809,Low Risk,4544.050000,High Value,Loyal High-Value Customer
13094,0.126542,0,0.442809,Low Risk,383.320000,Low Value,Standard Customer
13097,0.094807,0,0.442809,Low Risk,2872.060000,High Value,Loyal High-Value Customer
13098,0.083822,0,0.442809,Low Risk,8393.840000,High Value,Loyal High-Value Customer
13099,0.570492,1,0.442809,Medium Risk,15.790000,Low Value,Standard Customer
13101,0.693443,1,0.442809,High Risk,147.190000,Low Value,At-Risk Customer
13102,0.087389,0,0.442809,Low Risk,2165.270000,High Value,Loyal High-Value Customer
13104,0.364711,0,0.442809,Medium Risk,308.230000,Low Value,Standard Customer
13106,0.500776,1,0.442809,Medium Risk,210.960000,Low Value,Standard Customer
13107,0.321474,0,0.442809,Low Risk,235.790000,Low Value,Standard Customer
13108,0.756944,1,0.442809,High Risk,55.760000,Low Value,At-Risk Customer
13109,0.400985,0,0.442809,Medium Risk,190.020000,Low Value,Standard Customer
13110,0.180919,0,0.442809,Low Risk,734.700000,Medium Value,Standard Customer
13113,0.084066,0,0.442809,Low Risk,7496.920000,High Value,Loyal High-Value Customer
13115,0.155634,0,0.442809,Low Risk,366.540000,Low Value,Standard Customer
13116,0.418808,0,0.442809,Medium Risk,227.600000,Low Value,Standard Customer
13117,0.159284,0,0.442809,Low Risk,297.150000,Low Value,Standard Customer
13118,0.315634,0,0.442809,Low Risk,565.880000,Medium Value,Standard Customer
13120,0.706740,1,0.442809,High Risk,219.340000,Low Value,At-Risk Customer
13121,0.561796,1,0.442809,Medium Risk,151.900000,Low Value,Standard Customer
13122,0.385900,0,0.442809,Medium Risk,239.220000,Low Value,Standard Customer
13124,0.274363,0,0.442809,Low Risk,386.420000,Low Value,Standard Customer
13126,0.225986,0,0.442809,Low Risk,255.360000,Low Value,Standard Customer
13130,0.533385,1,0.442809,Medium Risk,184.520000,Low Value,Standard Customer
13131,0.616809,1,0.442809,Medium Risk,142.250000,Low Value,Standard Customer
13132,0.714998,1,0.442809,High Risk,219.390000,Low Value,At-Risk Customer
13133,0.685533,1,0.442809,High Risk,244.120000,Low Value,At-Risk Customer
13134,0.303099,0,0.442809,Low Risk,592.680000,Medium Value,Standard Customer
13135,0.582071,1,0.442809,Medium Risk,0.000000,Low Value,Standard Customer
13136,0.180601,0,0.442809,Low Risk,625.320000,Medium Value,Standard Customer
13137,0.113603,0,0.442809,Low Risk,725.160000,Medium Value,Standard Customer
13138,0.346276,0,0.442809,Low Risk,329.470000,Low Value,Standard Customer
13139,0.269433,0,0.442809,Low Risk,843.790000,Medium Value,Standard Customer
13140,0.330978,0,0.442809,Low Risk,304.800000,Low Value,Standard Customer
13141,0.235531,0,0.442809,Low Risk,590.980000,Medium Value,Standard Customer
13144,0.752135,1,0.442809,High Risk,232.450000,Low Value,At-Risk Customer
13145,0.325446,0,0.442809,Low Risk,430.130000,Low Value,Standard Customer
13147,0.441886,0,0.442809,Medium Risk,196.110000,Low Value,Standard Customer
13148,0.090664,0,0.442809,Low Risk,1260.820000,Medium Value,Standard Customer
13149,0.260175,0,0.442809,Low Risk,302.580000,Low Value,Standard Customer
13151,0.436302,0,0.442809,Medium Risk,582.640000,Medium Value,Standard Customer
13154,0.659469,1,0.442809,High Risk,162.880000,Low Value,At-Risk Customer
13155,0.562837,1,0.442809,Medium Risk,307.190000,Low Value,Standard Customer
13157,0.248440,0,0.442809,Low Risk,250.700000,Low Value,Standard Customer
13158,0.257538,0,0.442809,Low Risk,494.840000,Low Value,Standard Customer
13159,0.237748,0,0.442809,Low Risk,237.870000,Low Value,Standard Customer
13161,0.730074,1,0.442809,High Risk,220.020000,Low Value,At-Risk Customer
13162,0.201286,0,0.442809,Low Risk,275.080000,Low Value,Standard Customer
13165,0.676398,1,0.442809,High Risk,0.000000,Low Value,At-Risk Customer
13166,0.625032,1,0.442809,Medium Risk,260.970000,Low Value,Standard Customer
13167,0.366032,0,0.442809,Medium Risk,78.310000,Low Value,Standard Customer
13168,0.248331,0,0.442809,Low Risk,457.330000,Low Value,Standard Customer
13169,0.722212,1,0.442809,High Risk,195.700000,Low Value,At-Risk Customer
13171,0.655517,1,0.442809,High Risk,191.200000,Low Value,At-Risk Customer
13173,0.683474,1,0.442809,High Risk,160.610000,Low Value,At-Risk Customer
13174,0.331240,0,0.442809,Low Risk,563.260000,Medium Value,Standard Customer
13178,0.125442,0,0.442809,Low Risk,2175.120000,High Value,Loyal High-Value Customer
13183,0.160686,0,0.442809,Low Risk,1130.680000,Medium Value,Standard Customer
13184,0.103328,0,0.442809,Low Risk,193.670000,Low Value,Standard Customer
13185,0.736969,1,0.442809,High Risk,227.110000,Low Value,At-Risk Customer
13186,0.226940,0,0.442809,Low Risk,727.070000,Medium Value,Standard Customer
13187,0.707398,1,0.442809,High Risk,163.790000,Low Value,At-Risk Customer
13189,0.412290,0,0.442809,Medium Risk,0.000000,Low Value,Standard Customer
13192,0.379669,0,0.442809,Medium Risk,224.120000,Low Value,Standard Customer
13194,0.595160,1,0.442809,Medium Risk,194.130000,Low Value,Standard Customer
13196,0.589174,1,0.442809,Medium Risk,16.960000,Low Value,Standard Customer
13198,0.122886,0,0.442809,Low Risk,905.180000,Medium Value,Standard Customer
13199,0.086752,0,0.442809,Low Risk,1833.230000,Medium Value,Standard Customer
13200,0.490829,1,0.442809,Medium Risk,46.480000,Low Value,Standard Customer
13203,0.411647,0,0.442809,Medium Risk,149.720000,Low Value,Standard Customer
13207,0.553562,1,0.442809,Medium Risk,173.140000,Low Value,Standard Customer
13208,0.203666,0,0.442809,Low Risk,333.150000,Low Value,Standard Customer
13209,0.100543,0,0.442809,Low Risk,1346.450000,Medium Value,Standard Customer
13210,0.444758,1,0.442809,Medium Risk,0.000000,Low Value,Standard Customer
13211,0.307452,0,0.442809,Low Risk,203.870000,Low Value,Standard Customer
13213,0.229443,0,0.442809,Low Risk,566.220000,Medium Value,Standard Customer
13216,0.720845,1,0.442809,High Risk,42.700000,Low Value,At-Risk Customer
13217,0.345180,0,0.442809,Low Risk,155.680000,Low Value,Standard Customer
13218,0.600609,1,0.442809,Medium Risk,147.340000,Low Value,Standard Customer
13220,0.429452,0,0.442809,Medium Risk,591.400000,Medium Value,Standard Customer
13221,0.549536,1,0.442809,Medium Risk,455.660000,Low Value,Standard Customer
13223,0.638990,1,0.442809,Medium Risk,224.290000,Low Value,Standard Customer
13224,0.422530,0,0.442809,Medium Risk,0.000000,Low Value,Standard Customer
13225,0.226433,0,0.442809,Low Risk,2035.120000,High Value,Loyal High-Value Customer
13226,0.695455,1,0.442809,High Risk,170.950000,Low Value,At-Risk Customer
13227,0.622583,1,0.442809,Medium Risk,163.600000,Low Value,Standard Customer
13229,0.659217,1,0.442809,High Risk,184.410000,Low Value,At-Risk Customer
13230,0.088853,0,0.442809,Low Risk,957.320000,Medium Value,Standard Customer
13232,0.149184,0,0.442809,Low Risk,440.720000,Low Value,Standard Customer
13233,0.701411,1,0.442809,High Risk,0.000000,Low Value,At-Risk Customer
13235,0.566113,1,0.442809,Medium Risk,0.000000,Low Value,Standard Customer
13236,0.449946,1,0.442809,Medium Risk,104.800000,Low Value,Standard Customer
13238,0.506441,1,0.442809,Medium Risk,263.300000,Low Value,Standard Customer
13239,0.701339,1,0.442809,High Risk,0.000000,Low Value,At-Risk Customer
13240,0.265148,0,0.442809,Low Risk,412.540000,Low Value,Standard Customer
13242,0.426941,0,0.442809,Medium Risk,257.460000,Low Value,Standard Customer
13243,0.498367,1,0.442809,Medium Risk,59.110000,Low Value,Standard Customer
13244,0.484325,1,0.442809,Medium Risk,164.870000,Low Value,Standard Customer
13246,0.183413,0,0.442809,Low Risk,536.700000,Medium Value,Standard Customer
13248,0.392642,0,0.442809,Medium Risk,211.130000,Low Value,Standard Customer
13249,0.300229,0,0.442809,Low Risk,267.800000,Low Value,Standard Customer
13253,0.439696,0,0.442809,Medium Risk,0.000000,Low Value,Standard Customer
13255,0.730686,1,0.442809,High Risk,182.490000,Low Value,At-Risk Customer
13258,0.570738,1,0.442809,Medium Risk,171.290000,Low Value,Standard Customer
13261,0.705310,1,0.442809,High Risk,580.570000,Medium Value,At-Risk Customer
13262,0.684406,1,0.442809,High Risk,148.720000,Low Value,At-Risk Customer
13263,0.084127,0,0.442809,Low Risk,2316.410000,High Value,Loyal High-Value Customer
13265,0.295643,0,0.442809,Low Risk,383.790000,Low Value,Standard Customer
13266,0.097673,0,0.442809,Low Risk,176.010000,Low Value,Standard Customer
13267,0.090697,0,0.442809,Low Risk,1791.470000,Medium Value,Standard Customer
13268,0.113592,0,0.442809,Low Risk,77.550000,Low Value,Standard Customer
13269,0.105400,0,0.442809,Low Risk,1249.870000,Medium Value,Standard Customer
13270,0.774189,1,0.442809,High Risk,150.430000,Low Value,At-Risk Customer
13273,0.484357,1,0.442809,Medium Risk,96.630000,Low Value,Standard Customer
13276,0.428110,0,0.442809,Medium Risk,195.700000,Low Value,Standard Customer
13277,0.439002,0,0.442809,Medium Risk,192.620000,Low Value,Standard Customer
13280,0.306657,0,0.442809,Low Risk,327.340000,Low Value,Standard Customer
13282,0.431149,0,0.442809,Medium Risk,591.670000,Medium Value,Standard Customer
13283,0.613395,1,0.442809,Medium Risk,197.100000,Low Value,Standard Customer
13284,0.710969,1,0.442809,High Risk,261.780000,Low Value,At-Risk Customer
13285,0.201773,0,0.442809,Low Risk,455.850000,Low Value,Standard Customer
13291,0.475663,1,0.442809,Medium Risk,44.440000,Low Value,Standard Customer
13292,0.675536,1,0.442809,High Risk,147.880000,Low Value,At-Risk Customer
13294,0.424290,0,0.442809,Medium Risk,325.310000,Low Value,Standard Customer
13295,0.730611,1,0.442809,High Risk,268.720000,Low Value,At-Risk Customer
13296,0.603357,1,0.442809,Medium Risk,158.120000,Low Value,Standard Customer
13299,0.712068,1,0.442809,High Risk,217.000000,Low Value,At-Risk Customer
13300,0.483724,1,0.442809,Medium Risk,239.200000,Low Value,Standard Customer
13301,0.260294,0,0.442809,Low Risk,331.500000,Low Value,Standard Customer
13302,0.660684,1,0.442809,High Risk,213.800000,Low Value,At-Risk Customer
13304,0.719207,1,0.442809,High Risk,82.430000,Low Value,At-Risk Customer
13305,0.150585,0,0.442809,Low Risk,713.220000,Medium Value,Standard Customer
13307,0.592459,1,0.442809,Medium Risk,205.180000,Low Value,Standard Customer
13308,0.408117,0,0.442809,Medium Risk,255.430000,Low Value,Standard Customer
13309,0.398656,0,0.442809,Medium Risk,34.320000,Low Value,Standard Customer
13310,0.303115,0,0.442809,Low Risk,469.750000,Low Value,Standard Customer
13311,0.493338,1,0.442809,Medium Risk,40.320000,Low Value,Standard Customer
13313,0.308638,0,0.442809,Low Risk,456.530000,Low Value,Standard Customer
13316,0.178615,0,0.442809,Low Risk,0.000000,Low Value,Standard Customer
13317,0.226705,0,0.442809,Low Risk,787.600000,Medium Value,Standard Customer
13319,0.083428,0,0.442809,Low Risk,4557.620000,High Value,Loyal High-Value Customer
13320,0.210569,0,0.442809,Low Risk,299.140000,Low Value,Standard Customer
13324,0.176365,0,0.442809,Low Risk,1755.930000,Medium Value,Standard Customer
13327,0.134147,0,0.442809,Low Risk,1628.620000,Medium Value,Standard Customer
13328,0.707838,1,0.442809,High Risk,0.000000,Low Value,At-Risk Customer
13329,0.627728,1,0.442809,Medium Risk,282.230000,Low Value,Standard Customer
13330,0.327049,0,0.442809,Low Risk,417.160000,Low Value,Standard Customer
13334,0.212879,0,0.442809,Low Risk,622.680000,Medium Value,Standard Customer
13338,0.433070,0,0.442809,Medium Risk,291.040000,Low Value,Standard Customer
13339,0.568310,1,0.442809,Medium Risk,14.910000,Low Value,Standard Customer
13340,0.124057,0,0.442809,Low Risk,4163.490000,High Value,Loyal High-Value Customer
13341,0.659624,1,0.442809,High Risk,44.760000,Low Value,At-Risk Customer
13343,0.525707,1,0.442809,Medium Risk,260.270000,Low Value,Standard Customer
13344,0.511852,1,0.442809,Medium Risk,0.000000,Low Value,Standard Customer
13345,0.664255,1,0.442809,High Risk,307.510000,Low Value,At-Risk Customer
13355,0.431911,0,0.442809,Medium Risk,13.810000,Low Value,Standard Customer
13357,0.552545,1,0.442809,Medium Risk,0.000000,Low Value,Standard Customer
13358,0.677787,1,0.442809,High Risk,40.840000,Low Value,At-Risk Customer
13362,0.376453,0,0.442809,Medium Risk,499.010000,Low Value,Standard Customer
13365,0.489705,1,0.442809,Medium Risk,0.000000,Low Value,Standard Customer
13368,0.615509,1,0.442809,Medium Risk,300.770000,Low Value,Standard Customer
13369,0.702515,1,0.442809,High Risk,269.570000,Low Value,At-Risk Customer
13370,0.672275,1,0.442809,High Risk,358.200000,Low Value,At-Risk Customer
13373,0.273200,0,0.442809,Low Risk,592.970000,Medium Value,Standard Customer
13376,0.329495,0,0.442809,Low Risk,508.210000,Medium Value,Standard Customer
13379,0.496797,1,0.442809,Medium Risk,93.150000,Low Value,Standard Customer
13381,0.219857,0,0.442809,Low Risk,1165.400000,Medium Value,Standard Customer
13382,0.679027,1,0.442809,High Risk,145.780000,Low Value,At-Risk Customer
13384,0.208691,0,0.442809,Low Risk,715.710000,Medium Value,Standard Customer
13385,0.731388,1,0.442809,High Risk,56.070000,Low Value,At-Risk Customer
13388,0.353982,0,0.442809,Medium Risk,388.940000,Low Value,Standard Customer
13389,0.628719,1,0.442809,Medium Risk,150.030000,Low Value,Standard Customer
13391,0.691547,1,0.442809,High Risk,221.860000,Low Value,At-Risk Customer
13394,0.175387,0,0.442809,Low Risk,320.150000,Low Value,Standard Customer
13395,0.590427,1,0.442809,Medium Risk,0.000000,Low Value,Standard Customer
13396,0.672426,1,0.442809,High Risk,315.480000,Low Value,At-Risk Customer
13397,0.271152,0,0.442809,Low Risk,884.750000,Medium Value,Standard Customer
13398,0.605728,1,0.442809,Medium Risk,35.620000,Low Value,Standard Customer
13402,0.448632,1,0.442809,Medium Risk,169.270000,Low Value,Standard Customer
13404,0.607803,1,0.442809,Medium Risk,162.150000,Low Value,Standard Customer
13405,0.517191,1,0.442809,Medium Risk,376.170000,Low Value,Standard Customer
13408,0.084196,0,0.442809,Low Risk,9265.580000,High Value,Loyal High-Value Customer
13410,0.390583,0,0.442809,Medium Risk,366.280000,Low Value,Standard Customer
13411,0.505529,1,0.442809,Medium Risk,158.260000,Low Value,Standard Customer
13414,0.367481,0,0.442809,Medium Risk,29.570000,Low Value,Standard Customer
13417,0.570040,1,0.442809,Medium Risk,180.860000,Low Value,Standard Customer
13418,0.084950,0,0.442809,Low Risk,1891.850000,Medium Value,Standard Customer
13420,0.385876,0,0.442809,Medium Risk,191.490000,Low Value,Standard Customer
13421,0.469741,1,0.442809,Medium Risk,270.390000,Low Value,Standard Customer
13425,0.270493,0,0.442809,Low Risk,478.690000,Low Value,Standard Customer
13426,0.205546,0,0.442809,Low Risk,550.170000,Medium Value,Standard Customer
13427,0.364489,0,0.442809,Medium Risk,125.420000,Low Value,Standard Customer
13434,0.484187,1,0.442809,Medium Risk,163.320000,Low Value,Standard Customer
13435,0.308216,0,0.442809,Low Risk,285.510000,Low Value,Standard Customer
13437,0.185097,0,0.442809,Low Risk,1297.420000,Medium Value,Standard Customer
13439,0.604733,1,0.442809,Medium Risk,37.310000,Low Value,Standard Customer
13441,0.476101,1,0.442809,Medium Risk,71.900000,Low Value,Standard Customer
13448,0.181295,0,0.442809,Low Risk,787.510000,Medium Value,Standard Customer
13450,0.248641,0,0.442809,Low Risk,360.010000,Low Value,Standard Customer
13451,0.128506,0,0.442809,Low Risk,682.370000,Medium Value,Standard Customer
13452,0.706893,1,0.442809,High Risk,535.120000,Medium Value,At-Risk Customer
13453,0.510457,1,0.442809,Medium Risk,285.380000,Low Value,Standard Customer
13455,0.473491,1,0.442809,Medium Risk,486.710000,Low Value,Standard Customer
13456,0.309033,0,0.442809,Low Risk,615.810000,Medium Value,Standard Customer
13458,0.084461,0,0.442809,Low Risk,3971.530000,High Value,Loyal High-Value Customer
13461,0.373588,0,0.442809,Medium Risk,79.900000,Low Value,Standard Customer
13462,0.615937,1,0.442809,Medium Risk,226.380000,Low Value,Standard Customer
13466,0.418250,0,0.442809,Medium Risk,153.670000,Low Value,Standard Customer
13468,0.084222,0,0.442809,Low Risk,2736.780000,High Value,Loyal High-Value Customer
13470,0.493858,1,0.442809,Medium Risk,199.430000,Low Value,Standard Customer
13473,0.671999,1,0.442809,High Risk,205.960000,Low Value,At-Risk Customer
13474,0.595458,1,0.442809,Medium Risk,104.110000,Low Value,Standard Customer
13475,0.287655,0,0.442809,Low Risk,527.810000,Medium Value,Standard Customer
13476,0.353681,0,0.442809,Medium Risk,686.590000,Medium Value,Standard Customer
13477,0.203041,0,0.442809,Low Risk,411.910000,Low Value,Standard Customer
13479,0.509443,1,0.442809,Medium Risk,281.780000,Low Value,Standard Customer
13481,0.176154,0,0.442809,Low Risk,616.360000,Medium Value,Standard Customer
13482,0.670068,1,0.442809,High Risk,148.860000,Low Value,At-Risk Customer
13484,0.705271,1,0.442809,High Risk,214.090000,Low Value,At-Risk Customer
13485,0.670443,1,0.442809,High Risk,46.970000,Low Value,At-Risk Customer
13486,0.320784,0,0.442809,Low Risk,228.630000,Low Value,Standard Customer
13487,0.554509,1,0.442809,Medium Risk,261.770000,Low Value,Standard Customer
13488,0.087583,0,0.442809,Low Risk,3770.240000,High Value,Loyal High-Value Customer
13489,0.339836,0,0.442809,Low Risk,95.690000,Low Value,Standard Customer
13491,0.141216,0,0.442809,Low Risk,430.230000,Low Value,Standard Customer
13492,0.337526,0,0.442809,Low Risk,758.690000,Medium Value,Standard Customer
13493,0.682052,1,0.442809,High Risk,281.590000,Low Value,At-Risk Customer
13494,0.733615,1,0.442809,High Risk,133.680000,Low Value,At-Risk Customer
13495,0.377501,0,0.442809,Medium Risk,623.940000,Medium Value,Standard Customer
13496,0.664906,1,0.442809,High Risk,309.110000,Low Value,At-Risk Customer
13497,0.637143,1,0.442809,Medium Risk,294.190000,Low Value,Standard Customer
13499,0.504495,1,0.442809,Medium Risk,309.450000,Low Value,Standard Customer
13500,0.472733,1,0.442809,Medium Risk,127.490000,Low Value,Standard Customer
13501,0.567920,1,0.442809,Medium Risk,499.720000,Low Value,Standard Customer
13502,0.653504,1,0.442809,High Risk,231.560000,Low Value,At-Risk Customer
13505,0.144101,0,0.442809,Low Risk,1317.130000,Medium Value,Standard Customer
13506,0.647555,1,0.442809,Medium Risk,272.780000,Low Value,Standard Customer
13507,0.178855,0,0.442809,Low Risk,654.510000,Medium Value,Standard Customer
13508,0.686208,1,0.442809,High Risk,209.340000,Low Value,At-Risk Customer
13509,0.225976,0,0.442809,Low Risk,131.360000,Low Value,Standard Customer
13510,0.245171,0,0.442809,Low Risk,235.040000,Low Value,Standard Customer
13512,0.658850,1,0.442809,High Risk,136.380000,Low Value,At-Risk Customer
13513,0.552469,1,0.442809,Medium Risk,139.830000,Low Value,Standard Customer
13515,0.320477,0,0.442809,Low Risk,182.280000,Low Value,Standard Customer
13516,0.670566,1,0.442809,High Risk,192.580000,Low Value,At-Risk Customer
13517,0.183306,0,0.442809,Low Risk,643.390000,Medium Value,Standard Customer
13520,0.152579,0,0.442809,Low Risk,1651.870000,Medium Value,Standard Customer
13523,0.224579,0,0.442809,Low Risk,1217.580000,Medium Value,Standard Customer
13524,0.322422,0,0.442809,Low Risk,312.810000,Low Value,Standard Customer
13525,0.643931,1,0.442809,Medium Risk,101.160000,Low Value,Standard Customer
13527,0.166574,0,0.442809,Low Risk,229.120000,Low Value,Standard Customer
13529,0.597934,1,0.442809,Medium Risk,208.490000,Low Value,Standard Customer
13531,0.548894,1,0.442809,Medium Risk,332.890000,Low Value,Standard Customer
13533,0.432193,0,0.442809,Medium Risk,177.670000,Low Value,Standard Customer
13534,0.084252,0,0.442809,Low Risk,2035.790000,High Value,Loyal High-Value Customer
13538,0.219220,0,0.442809,Low Risk,864.400000,Medium Value,Standard Customer
13539,0.527226,1,0.442809,Medium Risk,216.200000,Low Value,Standard Customer
13544,0.587341,1,0.442809,Medium Risk,150.060000,Low Value,Standard Customer
13546,0.576557,1,0.442809,Medium Risk,137.460000,Low Value,Standard Customer
13548,0.328779,0,0.442809,Low Risk,160.920000,Low Value,Standard Customer
13549,0.214488,0,0.442809,Low Risk,455.280000,Low Value,Standard Customer
13551,0.764854,1,0.442809,High Risk,234.490000,Low Value,At-Risk Customer
13552,0.107583,0,0.442809,Low Risk,1701.440000,Medium Value,Standard Customer
13555,0.383321,0,0.442809,Medium Risk,426.000000,Low Value,Standard Customer
13557,0.650793,1,0.442809,High Risk,80.450000,Low Value,At-Risk Customer
13561,0.657946,1,0.442809,High Risk,164.000000,Low Value,At-Risk Customer
13562,0.368203,0,0.442809,Medium Risk,455.440000,Low Value,Standard Customer
13563,0.447460,1,0.442809,Medium Risk,101.210000,Low Value,Standard Customer
13564,0.267341,0,0.442809,Low Risk,154.790000,Low Value,Standard Customer
13565,0.709301,1,0.442809,High Risk,184.420000,Low Value,At-Risk Customer
13568,0.550432,1,0.442809,Medium Risk,149.470000,Low Value,Standard Customer
13569,0.666284,1,0.442809,High Risk,206.460000,Low Value,At-Risk Customer
13570,0.652015,1,0.442809,High Risk,110.600000,Low Value,At-Risk Customer
13571,0.132487,0,0.442809,Low Risk,363.170000,Low Value,Standard Customer
13572,0.541423,1,0.442809,Medium Risk,0.000000,Low Value,Standard Customer
13573,0.653807,1,0.442809,High Risk,221.620000,Low Value,At-Risk Customer
13575,0.416131,0,0.442809,Medium Risk,220.720000,Low Value,Standard Customer
13576,0.096001,0,0.442809,Low Risk,3287.150000,High Value,Loyal High-Value Customer
13577,0.275818,0,0.442809,Low Risk,554.750000,Medium Value,Standard Customer
13579,0.692969,1,0.442809,High Risk,220.050000,Low Value,At-Risk Customer
13581,0.723101,1,0.442809,High Risk,217.530000,Low Value,At-Risk Customer
13583,0.424506,0,0.442809,Medium Risk,0.000000,Low Value,Standard Customer
13584,0.708302,1,0.442809,High Risk,203.020000,Low Value,At-Risk Customer
13588,0.137336,0,0.442809,Low Risk,81.480000,Low Value,Standard Customer
13589,0.569888,1,0.442809,Medium Risk,201.720000,Low Value,Standard Customer
13590,0.210657,0,0.442809,Low Risk,392.020000,Low Value,Standard Customer
13591,0.423042,0,0.442809,Medium Risk,417.560000,Low Value,Standard Customer
13592,0.568074,1,0.442809,Medium Risk,267.400000,Low Value,Standard Customer
13593,0.192561,0,0.442809,Low Risk,1282.220000,Medium Value,Standard Customer
13599,0.094002,0,0.442809,Low Risk,996.560000,Medium Value,Standard Customer
13600,0.700780,1,0.442809,High Risk,10.510000,Low Value,At-Risk Customer
13601,0.491624,1,0.442809,Medium Risk,24.210000,Low Value,Standard Customer
13606,0.493515,1,0.442809,Medium Risk,144.470000,Low Value,Standard Customer
13610,0.140356,0,0.442809,Low Risk,402.610000,Low Value,Standard Customer
13611,0.352739,0,0.442809,Medium Risk,300.200000,Low Value,Standard Customer
13614,0.316467,0,0.442809,Low Risk,396.910000,Low Value,Standard Customer
13615,0.683973,1,0.442809,High Risk,292.030000,Low Value,At-Risk Customer
13617,0.359076,0,0.442809,Medium Risk,238.310000,Low Value,Standard Customer
13618,0.595556,1,0.442809,Medium Risk,45.470000,Low Value,Standard Customer
13621,0.511024,1,0.442809,Medium Risk,0.000000,Low Value,Standard Customer
13623,0.286065,0,0.442809,Low Risk,433.860000,Low Value,Standard Customer
13626,0.651687,1,0.442809,High Risk,85.670000,Low Value,At-Risk Customer
13627,0.239658,0,0.442809,Low Risk,359.970000,Low Value,Standard Customer
13629,0.124533,0,0.442809,Low Risk,2983.210000,High Value,Loyal High-Value Customer
13630,0.145005,0,0.442809,Low Risk,550.970000,Medium Value,Standard Customer
13631,0.227340,0,0.442809,Low Risk,2531.370000,High Value,Loyal High-Value Customer
13632,0.295789,0,0.442809,Low Risk,520.490000,Medium Value,Standard Customer
13634,0.256626,0,0.442809,Low Risk,419.130000,Low Value,Standard Customer
13636,0.248587,0,0.442809,Low Risk,400.350000,Low Value,Standard Customer
13637,0.375748,0,0.442809,Medium Risk,268.860000,Low Value,Standard Customer
13642,0.522179,1,0.442809,Medium Risk,83.270000,Low Value,Standard Customer
13643,0.368109,0,0.442809,Medium Risk,228.650000,Low Value,Standard Customer
13644,0.341339,0,0.442809,Low Risk,0.000000,Low Value,Standard Customer
13645,0.556702,1,0.442809,Medium Risk,111.810000,Low Value,Standard Customer
13647,0.401985,0,0.442809,Medium Risk,304.550000,Low Value,Standard Customer
13649,0.638416,1,0.442809,Medium Risk,284.780000,Low Value,Standard Customer
13650,0.383426,0,0.442809,Medium Risk,469.720000,Low Value,Standard Customer
13652,0.497223,1,0.442809,Medium Risk,332.120000,Low Value,Standard Customer
13654,0.183593,0,0.442809,Low Risk,348.160000,Low Value,Standard Customer
13655,0.391248,0,0.442809,Medium Risk,235.630000,Low Value,Standard Customer
13656,0.456676,1,0.442809,Medium Risk,19.460000,Low Value,Standard Customer
13657,0.613308,1,0.442809,Medium Risk,131.840000,Low Value,Standard Customer
13658,0.375031,0,0.442809,Medium Risk,457.110000,Low Value,Standard Customer
13659,0.331495,0,0.442809,Low Risk,591.890000,Medium Value,Standard Customer
13662,0.269397,0,0.442809,Low Risk,285.110000,Low Value,Standard Customer
13663,0.613241,1,0.442809,Medium Risk,157.270000,Low Value,Standard Customer
13666,0.666555,1,0.442809,High Risk,216.520000,Low Value,At-Risk Customer
13667,0.463555,1,0.442809,Medium Risk,62.820000,Low Value,Standard Customer
13668,0.084070,0,0.442809,Low Risk,2346.400000,High Value,Loyal High-Value Customer
13669,0.504971,1,0.442809,Medium Risk,204.540000,Low Value,Standard Customer
13672,0.501605,1,0.442809,Medium Risk,68.080000,Low Value,Standard Customer
13675,0.464141,1,0.442809,Medium Risk,209.390000,Low Value,Standard Customer
13678,0.476114,1,0.442809,Medium Risk,0.000000,Low Value,Standard Customer
13680,0.435996,0,0.442809,Medium Risk,396.880000,Low Value,Standard Customer
13681,0.540972,1,0.442809,Medium Risk,151.090000,Low Value,Standard Customer
13682,0.641919,1,0.442809,Medium Risk,213.510000,Low Value,Standard Customer
13684,0.650262,1,0.442809,High Risk,199.080000,Low Value,At-Risk Customer
13686,0.654207,1,0.442809,High Risk,167.240000,Low Value,At-Risk Customer
13692,0.286690,0,0.442809,Low Risk,289.500000,Low Value,Standard Customer
13693,0.660448,1,0.442809,High Risk,202.650000,Low Value,At-Risk Customer
13694,0.084211,0,0.442809,Low Risk,9712.590000,High Value,Loyal High-Value Customer
13695,0.111537,0,0.442809,Low Risk,805.160000,Medium Value,Standard Customer
13699,0.570232,1,0.442809,Medium Risk,179.760000,Low Value,Standard Customer
13700,0.113150,0,0.442809,Low Risk,30.440000,Low Value,Standard Customer
13703,0.765907,1,0.442809,High Risk,238.720000,Low Value,At-Risk Customer
13705,0.403941,0,0.442809,Medium Risk,298.120000,Low Value,Standard Customer
13706,0.736120,1,0.442809,High Risk,112.710000,Low Value,At-Risk Customer
13707,0.527334,1,0.442809,Medium Risk,372.210000,Low Value,Standard Customer
13708,0.633122,1,0.442809,Medium Risk,0.000000,Low Value,Standard Customer
13709,0.115630,0,0.442809,Low Risk,1229.410000,Medium Value,Standard Customer
13711,0.597804,1,0.442809,Medium Risk,234.960000,Low Value,Standard Customer
13712,0.670263,1,0.442809,High Risk,0.000000,Low Value,At-Risk Customer
13715,0.219274,0,0.442809,Low Risk,589.630000,Medium Value,Standard Customer
13716,0.683220,1,0.442809,High Risk,127.650000,Low Value,At-Risk Customer
13717,0.187855,0,0.442809,Low Risk,0.000000,Low Value,Standard Customer
13718,0.640910,1,0.442809,Medium Risk,247.830000,Low Value,Standard Customer
13719,0.513925,1,0.442809,Medium Risk,242.250000,Low Value,Standard Customer
13720,0.268296,0,0.442809,Low Risk,393.410000,Low Value,Standard Customer
13722,0.236733,0,0.442809,Low Risk,978.130000,Medium Value,Standard Customer
13723,0.658317,1,0.442809,High Risk,203.420000,Low Value,At-Risk Customer
13725,0.133014,0,0.442809,Low Risk,1172.020000,Medium Value,Standard Customer
13726,0.377936,0,0.442809,Medium Risk,0.000000,Low Value,Standard Customer
13728,0.240212,0,0.442809,Low Risk,521.740000,Medium Value,Standard Customer
13730,0.369599,0,0.442809,Medium Risk,232.520000,Low Value,Standard Customer
13731,0.547472,1,0.442809,Medium Risk,317.100000,Low Value,Standard Customer
13735,0.225448,0,0.442809,Low Risk,655.270000,Medium Value,Standard Customer
13736,0.492243,1,0.442809,Medium Risk,185.920000,Low Value,Standard Customer
13737,0.620590,1,0.442809,Medium Risk,135.780000,Low Value,Standard Customer
13740,0.681690,1,0.442809,High Risk,0.000000,Low Value,At-Risk Customer
13741,0.435129,0,0.442809,Medium Risk,318.590000,Low Value,Standard Customer
13742,0.107695,0,0.442809,Low Risk,1677.910000,Medium Value,Standard Customer
13743,0.204245,0,0.442809,Low Risk,34.860000,Low Value,Standard Customer
13744,0.360534,0,0.442809,Medium Risk,0.000000,Low Value,Standard Customer
13745,0.473971,1,0.442809,Medium Risk,0.000000,Low Value,Standard Customer
13747,0.787598,1,0.442809,High Risk,247.160000,Low Value,At-Risk Customer
13748,0.269270,0,0.442809,Low Risk,590.960000,Medium Value,Standard Customer
13750,0.319394,0,0.442809,Low Risk,878.020000,Medium Value,Standard Customer
13751,0.691896,1,0.442809,High Risk,142.670000,Low Value,At-Risk Customer
13752,0.208134,0,0.442809,Low Risk,472.030000,Low Value,Standard Customer
13753,0.653804,1,0.442809,High Risk,0.000000,Low Value,At-Risk Customer
13754,0.513126,1,0.442809,Medium Risk,189.010000,Low Value,Standard Customer
13756,0.123857,0,0.442809,Low Risk,1427.720000,Medium Value,Standard Customer
13758,0.202075,0,0.442809,Low Risk,993.110000,Medium Value,Standard Customer
13760,0.635593,1,0.442809,Medium Risk,149.650000,Low Value,Standard Customer
13761,0.534512,1,0.442809,Medium Risk,72.010000,Low Value,Standard Customer
13762,0.576469,1,0.442809,Medium Risk,194.930000,Low Value,Standard Customer
13763,0.469111,1,0.442809,Medium Risk,179.620000,Low Value,Standard Customer
13764,0.265830,0,0.442809,Low Risk,202.000000,Low Value,Standard Customer
13767,0.084641,0,0.442809,Low Risk,6224.430000,High Value,Loyal High-Value Customer
13769,0.102728,0,0.442809,Low Risk,1377.890000,Medium Value,Standard Customer
13771,0.283984,0,0.442809,Low Risk,586.750000,Medium Value,Standard Customer
13772,0.284254,0,0.442809,Low Risk,270.800000,Low Value,Standard Customer
13777,0.084754,0,0.442809,Low Risk,7603.990000,High Value,Loyal High-Value Customer
13778,0.518791,1,0.442809,Medium Risk,162.580000,Low Value,Standard Customer
13780,0.547219,1,0.442809,Medium Risk,95.060000,Low Value,Standard Customer
13781,0.686557,1,0.442809,High Risk,203.580000,Low Value,At-Risk Customer
13782,0.270621,0,0.442809,Low Risk,338.290000,Low Value,Standard Customer
13784,0.131052,0,0.442809,Low Risk,397.090000,Low Value,Standard Customer
13786,0.742927,1,0.442809,High Risk,162.710000,Low Value,At-Risk Customer
13787,0.698960,1,0.442809,High Risk,209.120000,Low Value,At-Risk Customer
13791,0.346722,0,0.442809,Low Risk,175.570000,Low Value,Standard Customer
13792,0.716541,1,0.442809,High Risk,216.780000,Low Value,At-Risk Customer
13798,0.085038,0,0.442809,Low Risk,15310.290000,High Value,Loyal High-Value Customer
13799,0.413513,0,0.442809,Medium Risk,259.780000,Low Value,Standard Customer
13800,0.710878,1,0.442809,High Risk,20.950000,Low Value,At-Risk Customer
13802,0.218401,0,0.442809,Low Risk,1862.040000,Medium Value,Standard Customer
13803,0.660561,1,0.442809,High Risk,151.680000,Low Value,At-Risk Customer
13804,0.195707,0,0.442809,Low Risk,642.940000,Medium Value,Standard Customer
13805,0.464531,1,0.442809,Medium Risk,0.000000,Low Value,Standard Customer
13807,0.732017,1,0.442809,High Risk,224.260000,Low Value,At-Risk Customer
13808,0.339201,0,0.442809,Low Risk,329.760000,Low Value,Standard Customer
13809,0.734084,1,0.442809,High Risk,219.760000,Low Value,At-Risk Customer
13811,0.469174,1,0.442809,Medium Risk,573.670000,Medium Value,Standard Customer
13812,0.424725,0,0.442809,Medium Risk,76.380000,Low Value,Standard Customer
13813,0.406709,0,0.442809,Medium Risk,257.610000,Low Value,Standard Customer
13814,0.287544,0,0.442809,Low Risk,419.880000,Low Value,Standard Customer
13815,0.280897,0,0.442809,Low Risk,815.070000,Medium Value,Standard Customer
13817,0.727385,1,0.442809,High Risk,202.320000,Low Value,At-Risk Customer
13819,0.571770,1,0.442809,Medium Risk,204.210000,Low Value,Standard Customer
13821,0.372674,0,0.442809,Medium Risk,257.050000,Low Value,Standard Customer
13823,0.392651,0,0.442809,Medium Risk,3.960000,Low Value,Standard Customer
13824,0.264079,0,0.442809,Low Risk,796.990000,Medium Value,Standard Customer
13826,0.588998,1,0.442809,Medium Risk,225.060000,Low Value,Standard Customer
13827,0.352645,0,0.442809,Medium Risk,242.940000,Low Value,Standard Customer
13829,0.788818,1,0.442809,High Risk,244.740000,Low Value,At-Risk Customer
13831,0.242357,0,0.442809,Low Risk,894.790000,Medium Value,Standard Customer
13833,0.521785,1,0.442809,Medium Risk,138.710000,Low Value,Standard Customer
13835,0.429785,0,0.442809,Medium Risk,263.420000,Low Value,Standard Customer
13837,0.568791,1,0.442809,Medium Risk,209.330000,Low Value,Standard Customer
13838,0.215509,0,0.442809,Low Risk,306.320000,Low Value,Standard Customer
13841,0.709227,1,0.442809,High Risk,163.440000,Low Value,At-Risk Customer
13842,0.148441,0,0.442809,Low Risk,1324.500000,Medium Value,Standard Customer
13846,0.398222,0,0.442809,Medium Risk,372.770000,Low Value,Standard Customer
13848,0.366139,0,0.442809,Medium Risk,0.000000,Low Value,Standard Customer
13849,0.462541,1,0.442809,Medium Risk,0.000000,Low Value,Standard Customer
13850,0.309906,0,0.442809,Low Risk,0.000000,Low Value,Standard Customer
13851,0.291336,0,0.442809,Low Risk,790.430000,Medium Value,Standard Customer
13854,0.086677,0,0.442809,Low Risk,4778.140000,High Value,Loyal High-Value Customer
13856,0.370280,0,0.442809,Medium Risk,88.640000,Low Value,Standard Customer
13859,0.715431,1,0.442809,High Risk,143.210000,Low Value,At-Risk Customer
13862,0.133629,0,0.442809,Low Risk,709.310000,Medium Value,Standard Customer
13863,0.624655,1,0.442809,Medium Risk,202.360000,Low Value,Standard Customer
13865,0.338926,0,0.442809,Low Risk,316.340000,Low Value,Standard Customer
13867,0.654535,1,0.442809,High Risk,205.670000,Low Value,At-Risk Customer
13869,0.182873,0,0.442809,Low Risk,1210.870000,Medium Value,Standard Customer
13870,0.151194,0,0.442809,Low Risk,1181.900000,Medium Value,Standard Customer
13871,0.107700,0,0.442809,Low Risk,2840.870000,High Value,Loyal High-Value Customer
13873,0.355814,0,0.442809,Medium Risk,335.330000,Low Value,Standard Customer
13874,0.772074,1,0.442809,High Risk,145.900000,Low Value,At-Risk Customer
13875,0.218672,0,0.442809,Low Risk,516.590000,Medium Value,Standard Customer
13880,0.145710,0,0.442809,Low Risk,946.730000,Medium Value,Standard Customer
13881,0.093239,0,0.442809,Low Risk,4637.090000,High Value,Loyal High-Value Customer
13883,0.171929,0,0.442809,Low Risk,898.590000,Medium Value,Standard Customer
13884,0.482562,1,0.442809,Medium Risk,270.120000,Low Value,Standard Customer
13885,0.529747,1,0.442809,Medium Risk,329.020000,Low Value,Standard Customer
13887,0.633460,1,0.442809,Medium Risk,129.300000,Low Value,Standard Customer
13888,0.423067,0,0.442809,Medium Risk,311.320000,Low Value,Standard Customer
13889,0.501650,1,0.442809,Medium Risk,121.160000,Low Value,Standard Customer
13890,0.322536,0,0.442809,Low Risk,309.300000,Low Value,Standard Customer
13892,0.640011,1,0.442809,Medium Risk,130.150000,Low Value,Standard Customer
13893,0.741843,1,0.442809,High Risk,149.350000,Low Value,At-Risk Customer
13894,0.668827,1,0.442809,High Risk,221.680000,Low Value,At-Risk Customer
13895,0.370482,0,0.442809,Medium Risk,372.630000,Low Value,Standard Customer
13898,0.729077,1,0.442809,High Risk,148.430000,Low Value,At-Risk Customer
13899,0.660082,1,0.442809,High Risk,157.220000,Low Value,At-Risk Customer
13900,0.398527,0,0.442809,Medium Risk,368.740000,Low Value,Standard Customer
13901,0.166787,0,0.442809,Low Risk,1054.470000,Medium Value,Standard Customer
13904,0.664143,1,0.442809,High Risk,79.420000,Low Value,At-Risk Customer
13908,0.221535,0,0.442809,Low Risk,594.310000,Medium Value,Standard Customer
13911,0.115278,0,0.442809,Low Risk,650.390000,Medium Value,Standard Customer
13917,0.629786,1,0.442809,Medium Risk,193.170000,Low Value,Standard Customer
13918,0.676511,1,0.442809,High Risk,166.920000,Low Value,At-Risk Customer
13919,0.516299,1,0.442809,Medium Risk,0.000000,Low Value,Standard Customer
13922,0.760694,1,0.442809,High Risk,186.080000,Low Value,At-Risk Customer
13925,0.254136,0,0.442809,Low Risk,397.370000,Low Value,Standard Customer
13928,0.377514,0,0.442809,Medium Risk,238.660000,Low Value,Standard Customer
13929,0.521633,1,0.442809,Medium Risk,644.070000,Medium Value,Standard Customer
13930,0.535756,1,0.442809,Medium Risk,70.160000,Low Value,Standard Customer
13931,0.303845,0,0.442809,Low Risk,313.890000,Low Value,Standard Customer
13932,0.717524,1,0.442809,High Risk,195.710000,Low Value,At-Risk Customer
13933,0.430645,0,0.442809,Medium Risk,360.900000,Low Value,Standard Customer
13934,0.703373,1,0.442809,High Risk,2.380000,Low Value,At-Risk Customer
13936,0.469601,1,0.442809,Medium Risk,145.970000,Low Value,Standard Customer
13937,0.596437,1,0.442809,Medium Risk,133.730000,Low Value,Standard Customer
13939,0.282361,0,0.442809,Low Risk,0.000000,Low Value,Standard Customer
13940,0.382014,0,0.442809,Medium Risk,214.450000,Low Value,Standard Customer
13941,0.221736,0,0.442809,Low Risk,1391.130000,Medium Value,Standard Customer
13946,0.548883,1,0.442809,Medium Risk,276.820000,Low Value,Standard Customer
13948,0.760243,1,0.442809,High Risk,222.640000,Low Value,At-Risk Customer
13949,0.343214,0,0.442809,Low Risk,0.000000,Low Value,Standard Customer
13950,0.696133,1,0.442809,High Risk,178.740000,Low Value,At-Risk Customer
13951,0.430567,0,0.442809,Medium Risk,302.650000,Low Value,Standard Customer
13952,0.357357,0,0.442809,Medium Risk,1398.550000,Medium Value,Standard Customer
13953,0.213485,0,0.442809,Low Risk,861.330000,Medium Value,Standard Customer
13955,0.465260,1,0.442809,Medium Risk,237.030000,Low Value,Standard Customer
13956,0.239652,0,0.442809,Low Risk,308.670000,Low Value,Standard Customer
13958,0.796752,1,0.442809,High Risk,251.230000,Low Value,At-Risk Customer
13959,0.600602,1,0.442809,Medium Risk,235.300000,Low Value,Standard Customer
13962,0.675352,1,0.442809,High Risk,209.850000,Low Value,At-Risk Customer
13963,0.574995,1,0.442809,Medium Risk,350.380000,Low Value,Standard Customer
13967,0.615496,1,0.442809,Medium Risk,186.720000,Low Value,Standard Customer
13969,0.091367,0,0.442809,Low Risk,2124.440000,High Value,Loyal High-Value Customer
13971,0.129732,0,0.442809,Low Risk,832.170000,Medium Value,Standard Customer
13972,0.605837,1,0.442809,Medium Risk,195.140000,Low Value,Standard Customer
13973,0.694125,1,0.442809,High Risk,168.930000,Low Value,At-Risk Customer
13975,0.150028,0,0.442809,Low Risk,558.610000,Medium Value,Standard Customer
13976,0.641606,1,0.442809,Medium Risk,132.550000,Low Value,Standard Customer
13982,0.265795,0,0.442809,Low Risk,534.790000,Medium Value,Standard Customer
13983,0.159444,0,0.442809,Low Risk,998.550000,Medium Value,Standard Customer
13984,0.334810,0,0.442809,Low Risk,275.560000,Low Value,Standard Customer
13985,0.134425,0,0.442809,Low Risk,1549.130000,Medium Value,Standard Customer
13988,0.194475,0,0.442809,Low Risk,684.950000,Medium Value,Standard Customer
13989,0.543310,1,0.442809,Medium Risk,0.000000,Low Value,Standard Customer
13990,0.613626,1,0.442809,Medium Risk,99.700000,Low Value,Standard Customer
13991,0.560327,1,0.442809,Medium Risk,157.030000,Low Value,Standard Customer
13993,0.150515,0,0.442809,Low Risk,1585.770000,Medium Value,Standard Customer
13994,0.373794,0,0.442809,Medium Risk,309.960000,Low Value,Standard Customer
13995,0.236566,0,0.442809,Low Risk,377.380000,Low Value,Standard Customer
13999,0.102283,0,0.442809,Low Risk,1403.210000,Medium Value,Standard Customer
14000,0.570447,1,0.442809,Medium Risk,40.260000,Low Value,Standard Customer
14001,0.389512,0,0.442809,Medium Risk,638.880000,Medium Value,Standard Customer
14002,0.334555,0,0.442809,Low Risk,0.000000,Low Value,Standard Customer
14004,0.188511,0,0.442809,Low Risk,1579.150000,Medium Value,Standard Customer
14005,0.323872,0,0.442809,Low Risk,31.810000,Low Value,Standard Customer
14006,0.396469,0,0.442809,Medium Risk,382.670000,Low Value,Standard Customer
14009,0.423359,0,0.442809,Medium Risk,380.800000,Low Value,Standard Customer
14012,0.720514,1,0.442809,High Risk,136.290000,Low Value,At-Risk Customer
14013,0.348688,0,0.442809,Low Risk,152.540000,Low Value,Standard Customer
14016,0.203477,0,0.442809,Low Risk,2151.560000,High Value,Loyal High-Value Customer
14019,0.328426,0,0.442809,Low Risk,215.180000,Low Value,Standard Customer
14021,0.462281,1,0.442809,Medium Risk,470.980000,Low Value,Standard Customer
14022,0.650180,1,0.442809,High Risk,0.000000,Low Value,At-Risk Customer
14023,0.637918,1,0.442809,Medium Risk,122.300000,Low Value,Standard Customer
14024,0.442078,0,0.442809,Medium Risk,250.870000,Low Value,Standard Customer
14029,0.513661,1,0.442809,Medium Risk,202.730000,Low Value,Standard Customer
14030,0.149813,0,0.442809,Low Risk,829.710000,Medium Value,Standard Customer
14031,0.089594,0,0.442809,Low Risk,5602.880000,High Value,Loyal High-Value Customer
14032,0.123547,0,0.442809,Low Risk,762.370000,Medium Value,Standard Customer
14034,0.400116,0,0.442809,Medium Risk,252.490000,Low Value,Standard Customer
14035,0.302540,0,0.442809,Low Risk,432.740000,Low Value,Standard Customer
14036,0.688836,1,0.442809,High Risk,63.210000,Low Value,At-Risk Customer
14037,0.576231,1,0.442809,Medium Risk,224.120000,Low Value,Standard Customer
14038,0.312476,0,0.442809,Low Risk,409.500000,Low Value,Standard Customer
14040,0.095215,0,0.442809,Low Risk,1537.680000,Medium Value,Standard Customer
14041,0.683342,1,0.442809,High Risk,158.630000,Low Value,At-Risk Customer
14044,0.186105,0,0.442809,Low Risk,260.840000,Low Value,Standard Customer
14045,0.338799,0,0.442809,Low Risk,1081.640000,Medium Value,Standard Customer
14046,0.688079,1,0.442809,High Risk,0.000000,Low Value,At-Risk Customer
14047,0.411195,0,0.442809,Medium Risk,500.640000,Medium Value,Standard Customer
14048,0.546312,1,0.442809,Medium Risk,160.230000,Low Value,Standard Customer
14049,0.145274,0,0.442809,Low Risk,1055.460000,Medium Value,Standard Customer
14050,0.389545,0,0.442809,Medium Risk,0.000000,Low Value,Standard Customer
14051,0.089593,0,0.442809,Low Risk,7176.290000,High Value,Loyal High-Value Customer
14053,0.532455,1,0.442809,Medium Risk,178.730000,Low Value,Standard Customer
14055,0.543638,1,0.442809,Medium Risk,102.140000,Low Value,Standard Customer
14056,0.083707,0,0.442809,Low Risk,2812.200000,High Value,Loyal High-Value Customer
14057,0.088676,0,0.442809,Low Risk,1713.700000,Medium Value,Standard Customer
14059,0.697406,1,0.442809,High Risk,148.100000,Low Value,At-Risk Customer
14060,0.094344,0,0.442809,Low Risk,1174.590000,Medium Value,Standard Customer
14062,0.101784,0,0.442809,Low Risk,5292.430000,High Value,Loyal High-Value Customer
14064,0.203194,0,0.442809,Low Risk,117.540000,Low Value,Standard Customer
14066,0.713086,1,0.442809,High Risk,205.270000,Low Value,At-Risk Customer
14067,0.406705,0,0.442809,Medium Risk,49.030000,Low Value,Standard Customer
14068,0.706950,1,0.442809,High Risk,191.050000,Low Value,At-Risk Customer
14071,0.501238,1,0.442809,Medium Risk,187.920000,Low Value,Standard Customer
14075,0.642477,1,0.442809,Medium Risk,48.630000,Low Value,Standard Customer
14076,0.505947,1,0.442809,Medium Risk,127.640000,Low Value,Standard Customer
14077,0.441092,0,0.442809,Medium Risk,270.090000,Low Value,Standard Customer
14078,0.236835,0,0.442809,Low Risk,764.200000,Medium Value,Standard Customer
14079,0.531206,1,0.442809,Medium Risk,15.290000,Low Value,Standard Customer
14081,0.266377,0,0.442809,Low Risk,368.990000,Low Value,Standard Customer
14082,0.736713,1,0.442809,High Risk,160.340000,Low Value,At-Risk Customer
14083,0.161806,0,0.442809,Low Risk,221.800000,Low Value,Standard Customer
14085,0.090673,0,0.442809,Low Risk,1335.570000,Medium Value,Standard Customer
14088,0.098349,0,0.442809,Low Risk,18168.800000,High Value,Loyal High-Value Customer
14090,0.768948,1,0.442809,High Risk,193.860000,Low Value,At-Risk Customer
14092,0.099501,0,0.442809,Low Risk,1455.990000,Medium Value,Standard Customer
14096,0.229355,0,0.442809,Low Risk,61.980000,Low Value,Standard Customer
14099,0.108409,0,0.442809,Low Risk,841.290000,Medium Value,Standard Customer
14100,0.534439,1,0.442809,Medium Risk,161.630000,Low Value,Standard Customer
14101,0.147863,0,0.442809,Low Risk,0.000000,Low Value,Standard Customer
14104,0.517083,1,0.442809,Medium Risk,245.360000,Low Value,Standard Customer
14105,0.477137,1,0.442809,Medium Risk,0.000000,Low Value,Standard Customer
14107,0.135518,0,0.442809,Low Risk,1096.080000,Medium Value,Standard Customer
14108,0.366898,0,0.442809,Medium Risk,182.730000,Low Value,Standard Customer
14110,0.181344,0,0.442809,Low Risk,1806.590000,Medium Value,Standard Customer
14111,0.331412,0,0.442809,Low Risk,227.210000,Low Value,Standard Customer
14112,0.134227,0,0.442809,Low Risk,852.630000,Medium Value,Standard Customer
14113,0.514139,1,0.442809,Medium Risk,158.000000,Low Value,Standard Customer
14114,0.659763,1,0.442809,High Risk,342.890000,Low Value,At-Risk Customer
14116,0.340829,0,0.442809,Low Risk,240.610000,Low Value,Standard Customer
14117,0.597760,1,0.442809,Medium Risk,165.090000,Low Value,Standard Customer
14119,0.694587,1,0.442809,High Risk,243.380000,Low Value,At-Risk Customer
14127,0.359989,0,0.442809,Medium Risk,416.660000,Low Value,Standard Customer
14128,0.630318,1,0.442809,Medium Risk,45.070000,Low Value,Standard Customer
14129,0.298211,0,0.442809,Low Risk,408.800000,Low Value,Standard Customer
14130,0.684666,1,0.442809,High Risk,42.420000,Low Value,At-Risk Customer
14132,0.184230,0,0.442809,Low Risk,388.450000,Low Value,Standard Customer
14133,0.311276,0,0.442809,Low Risk,361.880000,Low Value,Standard Customer
14135,0.101212,0,0.442809,Low Risk,564.350000,Medium Value,Standard Customer
14141,0.440667,0,0.442809,Medium Risk,116.200000,Low Value,Standard Customer
14142,0.752469,1,0.442809,High Risk,32.800000,Low Value,At-Risk Customer
14143,0.496883,1,0.442809,Medium Risk,192.210000,Low Value,Standard Customer
14145,0.305245,0,0.442809,Low Risk,1614.780000,Medium Value,Standard Customer
14146,0.364527,0,0.442809,Medium Risk,428.530000,Low Value,Standard Customer
14147,0.695823,1,0.442809,High Risk,218.120000,Low Value,At-Risk Customer
14148,0.683350,1,0.442809,High Risk,224.190000,Low Value,At-Risk Customer
14149,0.551443,1,0.442809,Medium Risk,253.360000,Low Value,Standard Customer
14150,0.703130,1,0.442809,High Risk,74.200000,Low Value,At-Risk Customer
14152,0.568488,1,0.442809,Medium Risk,98.040000,Low Value,Standard Customer
14154,0.600061,1,0.442809,Medium Risk,584.040000,Medium Value,Standard Customer
14155,0.718530,1,0.442809,High Risk,217.560000,Low Value,At-Risk Customer
14156,0.084649,0,0.442809,Low Risk,60964.640000,High Value,Loyal High-Value Customer
14157,0.560360,1,0.442809,Medium Risk,187.650000,Low Value,Standard Customer
14159,0.089573,0,0.442809,Low Risk,489.150000,Low Value,Standard Customer
14161,0.406892,0,0.442809,Medium Risk,585.190000,Medium Value,Standard Customer
14162,0.512391,1,0.442809,Medium Risk,236.260000,Low Value,Standard Customer
14163,0.307441,0,0.442809,Low Risk,917.060000,Medium Value,Standard Customer
14165,0.633661,1,0.442809,Medium Risk,185.330000,Low Value,Standard Customer
14167,0.408696,0,0.442809,Medium Risk,368.170000,Low Value,Standard Customer
14171,0.420920,0,0.442809,Medium Risk,69.800000,Low Value,Standard Customer
14173,0.627751,1,0.442809,Medium Risk,195.270000,Low Value,Standard Customer
14175,0.198880,0,0.442809,Low Risk,618.040000,Medium Value,Standard Customer
14176,0.559479,1,0.442809,Medium Risk,468.520000,Low Value,Standard Customer
14177,0.278799,0,0.442809,Low Risk,252.410000,Low Value,Standard Customer
14178,0.229542,0,0.442809,Low Risk,167.190000,Low Value,Standard Customer
14180,0.087808,0,0.442809,Low Risk,3271.820000,High Value,Loyal High-Value Customer
14185,0.755190,1,0.442809,High Risk,249.810000,Low Value,At-Risk Customer
14188,0.189430,0,0.442809,Low Risk,735.060000,Medium Value,Standard Customer
14189,0.088697,0,0.442809,Low Risk,1035.250000,Medium Value,Standard Customer
14191,0.129066,0,0.442809,Low Risk,1067.410000,Medium Value,Standard Customer
14193,0.663150,1,0.442809,High Risk,69.230000,Low Value,At-Risk Customer
14194,0.083917,0,0.442809,Low Risk,2870.870000,High Value,Loyal High-Value Customer
14195,0.528136,1,0.442809,Medium Risk,365.010000,Low Value,Standard Customer
14196,0.537388,1,0.442809,Medium Risk,126.800000,Low Value,Standard Customer
14198,0.371449,0,0.442809,Medium Risk,285.560000,Low Value,Standard Customer
14199,0.657270,1,0.442809,High Risk,216.370000,Low Value,At-Risk Customer
14201,0.232955,0,0.442809,Low Risk,242.260000,Low Value,Standard Customer
14205,0.537408,1,0.442809,Medium Risk,166.040000,Low Value,Standard Customer
14206,0.630588,1,0.442809,Medium Risk,166.480000,Low Value,Standard Customer
14208,0.512505,1,0.442809,Medium Risk,127.050000,Low Value,Standard Customer
14209,0.175905,0,0.442809,Low Risk,1234.760000,Medium Value,Standard Customer
14210,0.152649,0,0.442809,Low Risk,1195.910000,Medium Value,Standard Customer
14211,0.132974,0,0.442809,Low Risk,605.680000,Medium Value,Standard Customer
14213,0.797798,1,0.442809,High Risk,321.440000,Low Value,At-Risk Customer
14214,0.211037,0,0.442809,Low Risk,368.090000,Low Value,Standard Customer
14215,0.227990,0,0.442809,Low Risk,591.390000,Medium Value,Standard Customer
14217,0.121316,0,0.442809,Low Risk,768.170000,Medium Value,Standard Customer
14220,0.617061,1,0.442809,Medium Risk,349.660000,Low Value,Standard Customer
14221,0.125463,0,0.442809,Low Risk,1284.310000,Medium Value,Standard Customer
14222,0.461813,1,0.442809,Medium Risk,0.000000,Low Value,Standard Customer
14223,0.277243,0,0.442809,Low Risk,464.600000,Low Value,Standard Customer
14224,0.259174,0,0.442809,Low Risk,532.620000,Medium Value,Standard Customer
14226,0.286692,0,0.442809,Low Risk,695.970000,Medium Value,Standard Customer
14227,0.117332,0,0.442809,Low Risk,1290.810000,Medium Value,Standard Customer
14229,0.538945,1,0.442809,Medium Risk,483.450000,Low Value,Standard Customer
14231,0.297042,0,0.442809,Low Risk,505.900000,Medium Value,Standard Customer
14232,0.161909,0,0.442809,Low Risk,358.950000,Low Value,Standard Customer
14233,0.414539,0,0.442809,Medium Risk,564.760000,Medium Value,Standard Customer
14235,0.243832,0,0.442809,Low Risk,1026.210000,Medium Value,Standard Customer
14236,0.715239,1,0.442809,High Risk,232.700000,Low Value,At-Risk Customer
14237,0.722148,1,0.442809,High Risk,226.050000,Low Value,At-Risk Customer
14238,0.740615,1,0.442809,High Risk,166.610000,Low Value,At-Risk Customer
14239,0.111271,0,0.442809,Low Risk,1105.390000,Medium Value,Standard Customer
14240,0.639988,1,0.442809,Medium Risk,178.290000,Low Value,Standard Customer
14241,0.601965,1,0.442809,Medium Risk,123.180000,Low Value,Standard Customer
14242,0.633714,1,0.442809,Medium Risk,263.790000,Low Value,Standard Customer
14243,0.101825,0,0.442809,Low Risk,1335.530000,Medium Value,Standard Customer
14245,0.183334,0,0.442809,Low Risk,775.620000,Medium Value,Standard Customer
14246,0.287671,0,0.442809,Low Risk,605.000000,Medium Value,Standard Customer
14247,0.689159,1,0.442809,High Risk,195.040000,Low Value,At-Risk Customer
14248,0.728884,1,0.442809,High Risk,184.100000,Low Value,At-Risk Customer
14256,0.491699,1,0.442809,Medium Risk,525.810000,Medium Value,Standard Customer
14257,0.190232,0,0.442809,Low Risk,1299.030000,Medium Value,Standard Customer
14258,0.114933,0,0.442809,Low Risk,4749.410000,High Value,Loyal High-Value Customer
14259,0.565030,1,0.442809,Medium Risk,168.420000,Low Value,Standard Customer
14262,0.260665,0,0.442809,Low Risk,323.040000,Low Value,Standard Customer
14264,0.467522,1,0.442809,Medium Risk,340.570000,Low Value,Standard Customer
14265,0.367356,0,0.442809,Medium Risk,222.230000,Low Value,Standard Customer
14267,0.215874,0,0.442809,Low Risk,890.800000,Medium Value,Standard Customer
14270,0.751925,1,0.442809,High Risk,117.340000,Low Value,At-Risk Customer
14271,0.676862,1,0.442809,High Risk,162.820000,Low Value,At-Risk Customer
14272,0.690447,1,0.442809,High Risk,171.210000,Low Value,At-Risk Customer
14273,0.354660,0,0.442809,Medium Risk,338.220000,Low Value,Standard Customer
14276,0.237360,0,0.442809,Low Risk,412.540000,Low Value,Standard Customer
14277,0.422563,0,0.442809,Medium Risk,0.000000,Low Value,Standard Customer
14280,0.640910,1,0.442809,Medium Risk,187.110000,Low Value,Standard Customer
14282,0.121460,0,0.442809,Low Risk,1034.980000,Medium Value,Standard Customer
14285,0.565575,1,0.442809,Medium Risk,214.780000,Low Value,Standard Customer
14286,0.318203,0,0.442809,Low Risk,0.000000,Low Value,Standard Customer
14287,0.468228,1,0.442809,Medium Risk,78.600000,Low Value,Standard Customer
14288,0.545290,1,0.442809,Medium Risk,286.790000,Low Value,Standard Customer
14289,0.239022,0,0.442809,Low Risk,606.840000,Medium Value,Standard Customer
14290,0.592990,1,0.442809,Medium Risk,473.140000,Low Value,Standard Customer
14291,0.122861,0,0.442809,Low Risk,1085.130000,Medium Value,Standard Customer
14292,0.162106,0,0.442809,Low Risk,1762.150000,Medium Value,Standard Customer
14293,0.336137,0,0.442809,Low Risk,365.870000,Low Value,Standard Customer
14295,0.663855,1,0.442809,High Risk,239.820000,Low Value,At-Risk Customer
14297,0.674641,1,0.442809,High Risk,186.330000,Low Value,At-Risk Customer
14298,0.084666,0,0.442809,Low Risk,6583.580000,High Value,Loyal High-Value Customer
14299,0.112152,0,0.442809,Low Risk,662.390000,Medium Value,Standard Customer
14301,0.460420,1,0.442809,Medium Risk,101.300000,Low Value,Standard Customer
14304,0.569653,1,0.442809,Medium Risk,254.970000,Low Value,Standard Customer
14305,0.228647,0,0.442809,Low Risk,487.660000,Low Value,Standard Customer
14307,0.188474,0,0.442809,Low Risk,676.480000,Medium Value,Standard Customer
14309,0.133530,0,0.442809,Low Risk,633.440000,Medium Value,Standard Customer
14311,0.590808,1,0.442809,Medium Risk,227.020000,Low Value,Standard Customer
14312,0.202143,0,0.442809,Low Risk,623.410000,Medium Value,Standard Customer
14314,0.522932,1,0.442809,Medium Risk,0.000000,Low Value,Standard Customer
14315,0.207659,0,0.442809,Low Risk,906.550000,Medium Value,Standard Customer
14320,0.521864,1,0.442809,Medium Risk,233.510000,Low Value,Standard Customer
14321,0.222740,0,0.442809,Low Risk,0.000000,Low Value,Standard Customer
14323,0.314104,0,0.442809,Low Risk,335.740000,Low Value,Standard Customer
14326,0.648814,1,0.442809,Medium Risk,221.480000,Low Value,Standard Customer
14327,0.590582,1,0.442809,Medium Risk,131.220000,Low Value,Standard Customer
14329,0.107585,0,0.442809,Low Risk,1538.140000,Medium Value,Standard Customer
14331,0.375548,0,0.442809,Medium Risk,245.460000,Low Value,Standard Customer
14332,0.505351,1,0.442809,Medium Risk,185.820000,Low Value,Standard Customer
14334,0.118766,0,0.442809,Low Risk,970.540000,Medium Value,Standard Customer
14335,0.372801,0,0.442809,Medium Risk,0.000000,Low Value,Standard Customer
14336,0.336946,0,0.442809,Low Risk,233.390000,Low Value,Standard Customer
14338,0.364967,0,0.442809,Medium Risk,336.060000,Low Value,Standard Customer
14339,0.539349,1,0.442809,Medium Risk,276.540000,Low Value,Standard Customer
14340,0.674219,1,0.442809,High Risk,187.920000,Low Value,At-Risk Customer
14341,0.156781,0,0.442809,Low Risk,550.950000,Medium Value,Standard Customer
14342,0.320026,0,0.442809,Low Risk,307.230000,Low Value,Standard Customer
14344,0.165028,0,0.442809,Low Risk,497.040000,Low Value,Standard Customer
14346,0.400262,0,0.442809,Medium Risk,283.510000,Low Value,Standard Customer
14348,0.704311,1,0.442809,High Risk,118.230000,Low Value,At-Risk Customer
14350,0.641872,1,0.442809,Medium Risk,222.050000,Low Value,Standard Customer
14351,0.660349,1,0.442809,High Risk,209.390000,Low Value,At-Risk Customer
14352,0.329288,0,0.442809,Low Risk,593.850000,Medium Value,Standard Customer
14353,0.687421,1,0.442809,High Risk,179.700000,Low Value,At-Risk Customer
14355,0.757094,1,0.442809,High Risk,186.000000,Low Value,At-Risk Customer
14360,0.305330,0,0.442809,Low Risk,0.000000,Low Value,Standard Customer
14364,0.181965,0,0.442809,Low Risk,2018.540000,High Value,Loyal High-Value Customer
14367,0.091297,0,0.442809,Low Risk,3132.240000,High Value,Loyal High-Value Customer
14368,0.749142,1,0.442809,High Risk,219.340000,Low Value,At-Risk Customer
14371,0.736867,1,0.442809,High Risk,215.830000,Low Value,At-Risk Customer
14373,0.772905,1,0.442809,High Risk,235.830000,Low Value,At-Risk Customer
14375,0.517435,1,0.442809,Medium Risk,55.990000,Low Value,Standard Customer
14377,0.581154,1,0.442809,Medium Risk,377.820000,Low Value,Standard Customer
14379,0.669028,1,0.442809,High Risk,139.790000,Low Value,At-Risk Customer
14383,0.532846,1,0.442809,Medium Risk,79.380000,Low Value,Standard Customer
14386,0.723043,1,0.442809,High Risk,202.770000,Low Value,At-Risk Customer
14387,0.381498,0,0.442809,Medium Risk,61.370000,Low Value,Standard Customer
14388,0.127451,0,0.442809,Low Risk,1056.150000,Medium Value,Standard Customer
14389,0.386229,0,0.442809,Medium Risk,237.600000,Low Value,Standard Customer
14390,0.167376,0,0.442809,Low Risk,885.340000,Medium Value,Standard Customer
14393,0.700157,1,0.442809,High Risk,215.160000,Low Value,At-Risk Customer
14395,0.147800,0,0.442809,Low Risk,1070.960000,Medium Value,Standard Customer
14396,0.669676,1,0.442809,High Risk,201.350000,Low Value,At-Risk Customer
14397,0.134963,0,0.442809,Low Risk,437.150000,Low Value,Standard Customer
14400,0.445558,1,0.442809,Medium Risk,163.130000,Low Value,Standard Customer
14401,0.102207,0,0.442809,Low Risk,330.690000,Low Value,Standard Customer
14403,0.327361,0,0.442809,Low Risk,952.310000,Medium Value,Standard Customer
14404,0.167926,0,0.442809,Low Risk,648.940000,Medium Value,Standard Customer
14406,0.552267,1,0.442809,Medium Risk,159.000000,Low Value,Standard Customer
14407,0.151638,0,0.442809,Low Risk,946.220000,Medium Value,Standard Customer
14408,0.151863,0,0.442809,Low Risk,1033.880000,Medium Value,Standard Customer
14409,0.182188,0,0.442809,Low Risk,873.570000,Medium Value,Standard Customer
14410,0.099553,0,0.442809,Low Risk,245.000000,Low Value,Standard Customer
14411,0.764421,1,0.442809,High Risk,171.830000,Low Value,At-Risk Customer
14413,0.727780,1,0.442809,High Risk,189.800000,Low Value,At-Risk Customer
14414,0.178115,0,0.442809,Low Risk,0.000000,Low Value,Standard Customer
14415,0.090346,0,0.442809,Low Risk,2122.840000,High Value,Loyal High-Value Customer
14418,0.489080,1,0.442809,Medium Risk,99.360000,Low Value,Standard Customer
14419,0.544660,1,0.442809,Medium Risk,228.820000,Low Value,Standard Customer
14420,0.387759,0,0.442809,Medium Risk,0.000000,Low Value,Standard Customer
14421,0.591129,1,0.442809,Medium Risk,108.750000,Low Value,Standard Customer
14422,0.395417,0,0.442809,Medium Risk,341.010000,Low Value,Standard Customer
14423,0.669511,1,0.442809,High Risk,156.680000,Low Value,At-Risk Customer
14426,0.104353,0,0.442809,Low Risk,1228.070000,Medium Value,Standard Customer
14428,0.569059,1,0.442809,Medium Risk,298.080000,Low Value,Standard Customer
14431,0.682557,1,0.442809,High Risk,336.580000,Low Value,At-Risk Customer
14436,0.534454,1,0.442809,Medium Risk,112.850000,Low Value,Standard Customer
14437,0.524224,1,0.442809,Medium Risk,120.210000,Low Value,Standard Customer
14438,0.736648,1,0.442809,High Risk,182.070000,Low Value,At-Risk Customer
14439,0.747645,1,0.442809,High Risk,51.940000,Low Value,At-Risk Customer
14440,0.596711,1,0.442809,Medium Risk,616.250000,Medium Value,Standard Customer
14441,0.271259,0,0.442809,Low Risk,465.780000,Low Value,Standard Customer
14442,0.303182,0,0.442809,Low Risk,1006.610000,Medium Value,Standard Customer
14443,0.177618,0,0.442809,Low Risk,444.030000,Low Value,Standard Customer
14446,0.475363,1,0.442809,Medium Risk,0.000000,Low Value,Standard Customer
14447,0.461082,1,0.442809,Medium Risk,284.940000,Low Value,Standard Customer
14448,0.685266,1,0.442809,High Risk,208.500000,Low Value,At-Risk Customer
14449,0.401404,0,0.442809,Medium Risk,114.980000,Low Value,Standard Customer
14450,0.381849,0,0.442809,Medium Risk,325.930000,Low Value,Standard Customer
14451,0.474680,1,0.442809,Medium Risk,62.350000,Low Value,Standard Customer
14452,0.405285,0,0.442809,Medium Risk,158.230000,Low Value,Standard Customer
14453,0.586563,1,0.442809,Medium Risk,176.170000,Low Value,Standard Customer
14456,0.150434,0,0.442809,Low Risk,42.640000,Low Value,Standard Customer
14457,0.739719,1,0.442809,High Risk,180.930000,Low Value,At-Risk Customer
14459,0.593517,1,0.442809,Medium Risk,0.000000,Low Value,Standard Customer
14460,0.387189,0,0.442809,Medium Risk,0.000000,Low Value,Standard Customer
14461,0.225686,0,0.442809,Low Risk,996.520000,Medium Value,Standard Customer
14462,0.102395,0,0.442809,Low Risk,849.410000,Medium Value,Standard Customer
14463,0.394298,0,0.442809,Medium Risk,410.700000,Low Value,Standard Customer
14465,0.419762,0,0.442809,Medium Risk,572.620000,Medium Value,Standard Customer
14466,0.223103,0,0.442809,Low Risk,1011.650000,Medium Value,Standard Customer
14467,0.726669,1,0.442809,High Risk,210.190000,Low Value,At-Risk Customer
14470,0.636806,1,0.442809,Medium Risk,132.100000,Low Value,Standard Customer
14472,0.150205,0,0.442809,Low Risk,889.830000,Medium Value,Standard Customer
14473,0.714553,1,0.442809,High Risk,231.950000,Low Value,At-Risk Customer
14475,0.323141,0,0.442809,Low Risk,373.530000,Low Value,Standard Customer
14476,0.672705,1,0.442809,High Risk,139.320000,Low Value,At-Risk Customer
14477,0.563151,1,0.442809,Medium Risk,273.250000,Low Value,Standard Customer
14479,0.648136,1,0.442809,Medium Risk,286.950000,Low Value,Standard Customer
14481,0.529495,1,0.442809,Medium Risk,181.970000,Low Value,Standard Customer
14482,0.351597,0,0.442809,Medium Risk,261.490000,Low Value,Standard Customer
14483,0.576584,1,0.442809,Medium Risk,188.510000,Low Value,Standard Customer
14487,0.685699,1,0.442809,High Risk,252.830000,Low Value,At-Risk Customer
14489,0.589444,1,0.442809,Medium Risk,22.530000,Low Value,Standard Customer
14491,0.525412,1,0.442809,Medium Risk,273.680000,Low Value,Standard Customer
14493,0.470642,1,0.442809,Medium Risk,6.910000,Low Value,Standard Customer
14495,0.489950,1,0.442809,Medium Risk,193.970000,Low Value,Standard Customer
14496,0.678486,1,0.442809,High Risk,391.640000,Low Value,At-Risk Customer
14497,0.666041,1,0.442809,High Risk,282.130000,Low Value,At-Risk Customer
14498,0.190114,0,0.442809,Low Risk,594.430000,Medium Value,Standard Customer
14499,0.329501,0,0.442809,Low Risk,204.490000,Low Value,Standard Customer
14500,0.416854,0,0.442809,Medium Risk,292.980000,Low Value,Standard Customer
14501,0.504284,1,0.442809,Medium Risk,215.700000,Low Value,Standard Customer
14502,0.109958,0,0.442809,Low Risk,515.130000,Medium Value,Standard Customer
14503,0.448353,1,0.442809,Medium Risk,0.000000,Low Value,Standard Customer
14504,0.329159,0,0.442809,Low Risk,324.180000,Low Value,Standard Customer
14505,0.094923,0,0.442809,Low Risk,2238.900000,High Value,Loyal High-Value Customer
14506,0.269985,0,0.442809,Low Risk,521.570000,Medium Value,Standard Customer
14507,0.191353,0,0.442809,Low Risk,503.300000,Medium Value,Standard Customer
14511,0.364071,0,0.442809,Medium Risk,251.100000,Low Value,Standard Customer
14512,0.543266,1,0.442809,Medium Risk,249.510000,Low Value,Standard Customer
14513,0.377930,0,0.442809,Medium Risk,231.500000,Low Value,Standard Customer
14514,0.475833,1,0.442809,Medium Risk,273.290000,Low Value,Standard Customer
14515,0.431764,0,0.442809,Medium Risk,341.710000,Low Value,Standard Customer
14517,0.499009,1,0.442809,Medium Risk,168.310000,Low Value,Standard Customer
14520,0.705963,1,0.442809,High Risk,175.730000,Low Value,At-Risk Customer
14522,0.336635,0,0.442809,Low Risk,297.320000,Low Value,Standard Customer
14523,0.520910,1,0.442809,Medium Risk,37.610000,Low Value,Standard Customer
14524,0.237876,0,0.442809,Low Risk,633.320000,Medium Value,Standard Customer
14525,0.098998,0,0.442809,Low Risk,1306.210000,Medium Value,Standard Customer
14527,0.084411,0,0.442809,Low Risk,2671.600000,High Value,Loyal High-Value Customer
14529,0.471400,1,0.442809,Medium Risk,118.840000,Low Value,Standard Customer
14530,0.155356,0,0.442809,Low Risk,1416.260000,Medium Value,Standard Customer
14532,0.423543,0,0.442809,Medium Risk,669.360000,Medium Value,Standard Customer
14533,0.353387,0,0.442809,Medium Risk,0.000000,Low Value,Standard Customer
14534,0.086874,0,0.442809,Low Risk,1586.980000,Medium Value,Standard Customer
14535,0.183515,0,0.442809,Low Risk,291.770000,Low Value,Standard Customer
14536,0.687584,1,0.442809,High Risk,200.600000,Low Value,At-Risk Customer
14538,0.673261,1,0.442809,High Risk,213.840000,Low Value,At-Risk Customer
14540,0.709362,1,0.442809,High Risk,157.690000,Low Value,At-Risk Customer
14541,0.168232,0,0.442809,Low Risk,790.340000,Medium Value,Standard Customer
14542,0.640836,1,0.442809,Medium Risk,208.710000,Low Value,Standard Customer
14543,0.105530,0,0.442809,Low Risk,2125.060000,High Value,Loyal High-Value Customer
14544,0.604693,1,0.442809,Medium Risk,0.000000,Low Value,Standard Customer
14546,0.252511,0,0.442809,Low Risk,338.310000,Low Value,Standard Customer
14548,0.580645,1,0.442809,Medium Risk,372.150000,Low Value,Standard Customer
14549,0.689468,1,0.442809,High Risk,120.090000,Low Value,At-Risk Customer
14551,0.609399,1,0.442809,Medium Risk,178.380000,Low Value,Standard Customer
14552,0.522993,1,0.442809,Medium Risk,116.360000,Low Value,Standard Customer
14553,0.508507,1,0.442809,Medium Risk,219.840000,Low Value,Standard Customer
14555,0.687982,1,0.442809,High Risk,171.260000,Low Value,At-Risk Customer
14560,0.105339,0,0.442809,Low Risk,949.430000,Medium Value,Standard Customer
14561,0.402193,0,0.442809,Medium Risk,215.940000,Low Value,Standard Customer
14562,0.118809,0,0.442809,Low Risk,1242.540000,Medium Value,Standard Customer
14565,0.189296,0,0.442809,Low Risk,1615.950000,Medium Value,Standard Customer
14566,0.559291,1,0.442809,Medium Risk,0.000000,Low Value,Standard Customer
14567,0.526808,1,0.442809,Medium Risk,140.700000,Low Value,Standard Customer
14570,0.649241,1,0.442809,Medium Risk,243.480000,Low Value,Standard Customer
14572,0.117347,0,0.442809,Low Risk,983.850000,Medium Value,Standard Customer
14573,0.117238,0,0.442809,Low Risk,1029.960000,Medium Value,Standard Customer
14576,0.790282,1,0.442809,High Risk,240.500000,Low Value,At-Risk Customer
14577,0.298080,0,0.442809,Low Risk,382.630000,Low Value,Standard Customer
14583,0.166902,0,0.442809,Low Risk,235.450000,Low Value,Standard Customer
14584,0.292036,0,0.442809,Low Risk,678.580000,Medium Value,Standard Customer
14586,0.558080,1,0.442809,Medium Risk,97.130000,Low Value,Standard Customer
14587,0.118653,0,0.442809,Low Risk,772.810000,Medium Value,Standard Customer
14589,0.772798,1,0.442809,High Risk,244.230000,Low Value,At-Risk Customer
14591,0.550008,1,0.442809,Medium Risk,141.750000,Low Value,Standard Customer
14593,0.439906,0,0.442809,Medium Risk,262.320000,Low Value,Standard Customer
14594,0.657067,1,0.442809,High Risk,139.630000,Low Value,At-Risk Customer
14595,0.731842,1,0.442809,High Risk,193.100000,Low Value,At-Risk Customer
14597,0.591567,1,0.442809,Medium Risk,145.930000,Low Value,Standard Customer
14600,0.739672,1,0.442809,High Risk,159.590000,Low Value,At-Risk Customer
14603,0.731041,1,0.442809,High Risk,0.000000,Low Value,At-Risk Customer
14606,0.085109,0,0.442809,Low Risk,3710.910000,High Value,Loyal High-Value Customer
14607,0.649355,1,0.442809,Medium Risk,54.000000,Low Value,Standard Customer
14608,0.765085,1,0.442809,High Risk,226.950000,Low Value,At-Risk Customer
14609,0.218406,0,0.442809,Low Risk,0.000000,Low Value,Standard Customer
14616,0.644952,1,0.442809,Medium Risk,401.140000,Low Value,Standard Customer
14618,0.691557,1,0.442809,High Risk,262.990000,Low Value,At-Risk Customer
14619,0.642921,1,0.442809,Medium Risk,298.380000,Low Value,Standard Customer
14620,0.519653,1,0.442809,Medium Risk,307.610000,Low Value,Standard Customer
14621,0.256099,0,0.442809,Low Risk,604.810000,Medium Value,Standard Customer
14622,0.609285,1,0.442809,Medium Risk,123.170000,Low Value,Standard Customer
14623,0.225217,0,0.442809,Low Risk,343.920000,Low Value,Standard Customer
14625,0.322729,0,0.442809,Low Risk,576.220000,Medium Value,Standard Customer
14626,0.252032,0,0.442809,Low Risk,615.160000,Medium Value,Standard Customer
14627,0.731247,1,0.442809,High Risk,235.490000,Low Value,At-Risk Customer
14628,0.389471,0,0.442809,Medium Risk,346.510000,Low Value,Standard Customer
14631,0.541751,1,0.442809,Medium Risk,287.260000,Low Value,Standard Customer
14632,0.694433,1,0.442809,High Risk,164.680000,Low Value,At-Risk Customer
14633,0.721644,1,0.442809,High Risk,174.000000,Low Value,At-Risk Customer
14636,0.650281,1,0.442809,High Risk,159.170000,Low Value,At-Risk Customer
14639,0.158926,0,0.442809,Low Risk,1186.460000,Medium Value,Standard Customer
14640,0.203288,0,0.442809,Low Risk,922.080000,Medium Value,Standard Customer
14643,0.432328,0,0.442809,Medium Risk,94.090000,Low Value,Standard Customer
14644,0.702560,1,0.442809,High Risk,197.370000,Low Value,At-Risk Customer
14645,0.446663,1,0.442809,Medium Risk,233.000000,Low Value,Standard Customer
14646,0.084649,0,0.442809,Low Risk,88301.440000,High Value,Loyal High-Value Customer
14647,0.600224,1,0.442809,Medium Risk,153.490000,Low Value,Standard Customer
14649,0.413944,0,0.442809,Medium Risk,240.840000,Low Value,Standard Customer
14651,0.458661,1,0.442809,Medium Risk,76.740000,Low Value,Standard Customer
14653,0.741572,1,0.442809,High Risk,30.120000,Low Value,At-Risk Customer
14655,0.559295,1,0.442809,Medium Risk,0.000000,Low Value,Standard Customer
14656,0.422541,0,0.442809,Medium Risk,214.420000,Low Value,Standard Customer
14657,0.237175,0,0.442809,Low Risk,346.810000,Low Value,Standard Customer
14658,0.433608,0,0.442809,Medium Risk,189.750000,Low Value,Standard Customer
14659,0.122819,0,0.442809,Low Risk,883.000000,Medium Value,Standard Customer
14660,0.432131,0,0.442809,Medium Risk,130.120000,Low Value,Standard Customer
14662,0.344411,0,0.442809,Low Risk,254.620000,Low Value,Standard Customer
14665,0.413101,0,0.442809,Medium Risk,520.550000,Medium Value,Standard Customer
14667,0.083442,0,0.442809,Low Risk,3139.360000,High Value,Loyal High-Value Customer
14669,0.247105,0,0.442809,Low Risk,420.600000,Low Value,Standard Customer
14670,0.513946,1,0.442809,Medium Risk,118.200000,Low Value,Standard Customer
14672,0.476045,1,0.442809,Medium Risk,263.570000,Low Value,Standard Customer
14673,0.701738,1,0.442809,High Risk,113.170000,Low Value,At-Risk Customer
14676,0.187098,0,0.442809,Low Risk,276.370000,Low Value,Standard Customer
14679,0.776298,1,0.442809,High Risk,246.700000,Low Value,At-Risk Customer
14680,0.085426,0,0.442809,Low Risk,16034.590000,High Value,Loyal High-Value Customer
14681,0.593300,1,0.442809,Medium Risk,215.280000,Low Value,Standard Customer
14682,0.618140,1,0.442809,Medium Risk,169.210000,Low Value,Standard Customer
14684,0.284811,0,0.442809,Low Risk,171.810000,Low Value,Standard Customer
14687,0.510412,1,0.442809,Medium Risk,0.000000,Low Value,Standard Customer
14688,0.086478,0,0.442809,Low Risk,1753.070000,Medium Value,Standard Customer
14689,0.637807,1,0.442809,Medium Risk,166.350000,Low Value,Standard Customer
14690,0.425469,0,0.442809,Medium Risk,225.770000,Low Value,Standard Customer
14691,0.331288,0,0.442809,Low Risk,534.730000,Medium Value,Standard Customer
14692,0.243155,0,0.442809,Low Risk,396.600000,Low Value,Standard Customer
14693,0.708436,1,0.442809,High Risk,213.590000,Low Value,At-Risk Customer
14696,0.138908,0,0.442809,Low Risk,553.850000,Medium Value,Standard Customer
14697,0.611849,1,0.442809,Medium Risk,161.930000,Low Value,Standard Customer
14699,0.683141,1,0.442809,High Risk,170.220000,Low Value,At-Risk Customer
14700,0.356844,0,0.442809,Medium Risk,412.370000,Low Value,Standard Customer
14701,0.114387,0,0.442809,Low Risk,1196.950000,Medium Value,Standard Customer
14702,0.120459,0,0.442809,Low Risk,1065.300000,Medium Value,Standard Customer
14704,0.332501,0,0.442809,Low Risk,189.650000,Low Value,Standard Customer
14705,0.671948,1,0.442809,High Risk,162.470000,Low Value,At-Risk Customer
14708,0.394022,0,0.442809,Medium Risk,356.690000,Low Value,Standard Customer
14709,0.110446,0,0.442809,Low Risk,2247.530000,High Value,Loyal High-Value Customer
14711,0.101020,0,0.442809,Low Risk,1510.780000,Medium Value,Standard Customer
14712,0.496258,1,0.442809,Medium Risk,137.870000,Low Value,Standard Customer
14713,0.104140,0,0.442809,Low Risk,945.020000,Medium Value,Standard Customer
14715,0.280928,0,0.442809,Low Risk,343.120000,Low Value,Standard Customer
14716,0.473800,1,0.442809,Medium Risk,0.000000,Low Value,Standard Customer
14719,0.368380,0,0.442809,Medium Risk,130.880000,Low Value,Standard Customer
14720,0.509215,1,0.442809,Medium Risk,185.630000,Low Value,Standard Customer
14722,0.542783,1,0.442809,Medium Risk,119.790000,Low Value,Standard Customer
14723,0.550344,1,0.442809,Medium Risk,341.330000,Low Value,Standard Customer
14727,0.675933,1,0.442809,High Risk,201.320000,Low Value,At-Risk Customer
14729,0.720951,1,0.442809,High Risk,78.230000,Low Value,At-Risk Customer
14730,0.153061,0,0.442809,Low Risk,400.530000,Low Value,Standard Customer
14731,0.500553,1,0.442809,Medium Risk,193.130000,Low Value,Standard Customer
14732,0.168699,0,0.442809,Low Risk,773.920000,Medium Value,Standard Customer
14733,0.092869,0,0.442809,Low Risk,5891.700000,High Value,Loyal High-Value Customer
14735,0.087090,0,0.442809,Low Risk,2089.610000,High Value,Loyal High-Value Customer
14737,0.420966,0,0.442809,Medium Risk,565.410000,Medium Value,Standard Customer
14738,0.211872,0,0.442809,Low Risk,511.750000,Medium Value,Standard Customer
14739,0.187269,0,0.442809,Low Risk,5.040000,Low Value,Standard Customer
14740,0.258606,0,0.442809,Low Risk,705.150000,Medium Value,Standard Customer
14741,0.247341,0,0.442809,Low Risk,417.610000,Low Value,Standard Customer
14744,0.300257,0,0.442809,Low Risk,554.970000,Medium Value,Standard Customer
14745,0.218601,0,0.442809,Low Risk,365.490000,Low Value,Standard Customer
14747,0.642485,1,0.442809,Medium Risk,298.620000,Low Value,Standard Customer
14748,0.183335,0,0.442809,Low Risk,189.900000,Low Value,Standard Customer
14754,0.669669,1,0.442809,High Risk,118.760000,Low Value,At-Risk Customer
14755,0.121990,0,0.442809,Low Risk,1684.490000,Medium Value,Standard Customer
14758,0.301959,0,0.442809,Low Risk,990.370000,Medium Value,Standard Customer
14759,0.337462,0,0.442809,Low Risk,458.530000,Low Value,Standard Customer
14760,0.699477,1,0.442809,High Risk,220.650000,Low Value,At-Risk Customer
14761,0.710547,1,0.442809,High Risk,202.310000,Low Value,At-Risk Customer
14762,0.667841,1,0.442809,High Risk,0.000000,Low Value,At-Risk Customer
14765,0.395370,0,0.442809,Medium Risk,217.310000,Low Value,Standard Customer
14766,0.172161,0,0.442809,Low Risk,661.990000,Medium Value,Standard Customer
14768,0.519401,1,0.442809,Medium Risk,187.920000,Low Value,Standard Customer
14769,0.091598,0,0.442809,Low Risk,2339.620000,High Value,Loyal High-Value Customer
14770,0.541111,1,0.442809,Medium Risk,306.500000,Low Value,Standard Customer
14772,0.517560,1,0.442809,Medium Risk,152.340000,Low Value,Standard Customer
14775,0.326213,0,0.442809,Low Risk,0.000000,Low Value,Standard Customer
14776,0.127428,0,0.442809,Low Risk,145.840000,Low Value,Standard Customer
14777,0.654274,1,0.442809,High Risk,247.900000,Low Value,At-Risk Customer
14778,0.399137,0,0.442809,Medium Risk,351.370000,Low Value,Standard Customer
14779,0.611704,1,0.442809,Medium Risk,377.120000,Low Value,Standard Customer
14782,0.739127,1,0.442809,High Risk,169.190000,Low Value,At-Risk Customer
14784,0.702027,1,0.442809,High Risk,205.730000,Low Value,At-Risk Customer
14790,0.369203,0,0.442809,Medium Risk,100.140000,Low Value,Standard Customer
14794,0.299733,0,0.442809,Low Risk,434.790000,Low Value,Standard Customer
14795,0.638233,1,0.442809,Medium Risk,208.610000,Low Value,Standard Customer
14796,0.083819,0,0.442809,Low Risk,2454.120000,High Value,Loyal High-Value Customer
14798,0.455468,1,0.442809,Medium Risk,166.010000,Low Value,Standard Customer
14800,0.088780,0,0.442809,Low Risk,1154.170000,Medium Value,Standard Customer
14803,0.358274,0,0.442809,Medium Risk,488.500000,Low Value,Standard Customer
14805,0.714706,1,0.442809,High Risk,211.090000,Low Value,At-Risk Customer
14808,0.107064,0,0.442809,Low Risk,452.420000,Low Value,Standard Customer
14810,0.117293,0,0.442809,Low Risk,1050.980000,Medium Value,Standard Customer
14813,0.722260,1,0.442809,High Risk,245.540000,Low Value,At-Risk Customer
14816,0.629863,1,0.442809,Medium Risk,234.680000,Low Value,Standard Customer
14817,0.465764,1,0.442809,Medium Risk,312.310000,Low Value,Standard Customer
14818,0.477750,1,0.442809,Medium Risk,261.580000,Low Value,Standard Customer
14819,0.596995,1,0.442809,Medium Risk,189.340000,Low Value,Standard Customer
14820,0.591335,1,0.442809,Medium Risk,159.160000,Low Value,Standard Customer
14821,0.779892,1,0.442809,High Risk,234.320000,Low Value,At-Risk Customer
14823,0.417259,0,0.442809,Medium Risk,299.770000,Low Value,Standard Customer
14824,0.448806,1,0.442809,Medium Risk,72.640000,Low Value,Standard Customer
14825,0.166564,0,0.442809,Low Risk,850.040000,Medium Value,Standard Customer
14828,0.335536,0,0.442809,Low Risk,156.170000,Low Value,Standard Customer
14829,0.305911,0,0.442809,Low Risk,281.480000,Low Value,Standard Customer
14834,0.335632,0,0.442809,Low Risk,323.300000,Low Value,Standard Customer
14837,0.180447,0,0.442809,Low Risk,275.400000,Low Value,Standard Customer
14840,0.714275,1,0.442809,High Risk,210.600000,Low Value,At-Risk Customer
14841,0.216256,0,0.442809,Low Risk,1099.220000,Medium Value,Standard Customer
14842,0.175403,0,0.442809,Low Risk,895.850000,Medium Value,Standard Customer
14844,0.268342,0,0.442809,Low Risk,809.760000,Medium Value,Standard Customer
14847,0.553932,1,0.442809,Medium Risk,141.380000,Low Value,Standard Customer
14849,0.085552,0,0.442809,Low Risk,2505.680000,High Value,Loyal High-Value Customer
14850,0.682955,1,0.442809,High Risk,152.540000,Low Value,At-Risk Customer
14851,0.672024,1,0.442809,High Risk,135.800000,Low Value,At-Risk Customer
14852,0.174193,0,0.442809,Low Risk,928.030000,Medium Value,Standard Customer
14853,0.588135,1,0.442809,Medium Risk,212.540000,Low Value,Standard Customer
14854,0.132166,0,0.442809,Low Risk,1053.790000,Medium Value,Standard Customer
14855,0.479013,1,0.442809,Medium Risk,346.870000,Low Value,Standard Customer
14857,0.370096,0,0.442809,Medium Risk,325.420000,Low Value,Standard Customer
14859,0.535358,1,0.442809,Medium Risk,208.470000,Low Value,Standard Customer
14862,0.468981,1,0.442809,Medium Risk,0.000000,Low Value,Standard Customer
14865,0.712717,1,0.442809,High Risk,179.510000,Low Value,At-Risk Customer
14866,0.268948,0,0.442809,Low Risk,658.260000,Medium Value,Standard Customer
14867,0.371929,0,0.442809,Medium Risk,457.070000,Low Value,Standard Customer
14868,0.226465,0,0.442809,Low Risk,642.590000,Medium Value,Standard Customer
14869,0.382962,0,0.442809,Medium Risk,0.000000,Low Value,Standard Customer
14870,0.713348,1,0.442809,High Risk,161.170000,Low Value,At-Risk Customer
14871,0.360348,0,0.442809,Medium Risk,314.300000,Low Value,Standard Customer
14873,0.618120,1,0.442809,Medium Risk,121.930000,Low Value,Standard Customer
14875,0.236209,0,0.442809,Low Risk,868.550000,Medium Value,Standard Customer
14878,0.199804,0,0.442809,Low Risk,576.170000,Medium Value,Standard Customer
14880,0.498651,1,0.442809,Medium Risk,206.220000,Low Value,Standard Customer
14883,0.453407,1,0.442809,Medium Risk,145.520000,Low Value,Standard Customer
14885,0.504197,1,0.442809,Medium Risk,0.000000,Low Value,Standard Customer
14886,0.707043,1,0.442809,High Risk,129.740000,Low Value,At-Risk Customer
14888,0.614128,1,0.442809,Medium Risk,104.460000,Low Value,Standard Customer
14889,0.750166,1,0.442809,High Risk,180.620000,Low Value,At-Risk Customer
14890,0.688188,1,0.442809,High Risk,196.850000,Low Value,At-Risk Customer
14891,0.451733,1,0.442809,Medium Risk,118.330000,Low Value,Standard Customer
14895,0.084356,0,0.442809,Low Risk,4976.900000,High Value,Loyal High-Value Customer
14896,0.486030,1,0.442809,Medium Risk,229.630000,Low Value,Standard Customer
14897,0.703819,1,0.442809,High Risk,154.820000,Low Value,At-Risk Customer
14898,0.161165,0,0.442809,Low Risk,275.010000,Low Value,Standard Customer
14901,0.188204,0,0.442809,Low Risk,488.050000,Low Value,Standard Customer
14903,0.102870,0,0.442809,Low Risk,1152.540000,Medium Value,Standard Customer
14905,0.449995,1,0.442809,Medium Risk,396.080000,Low Value,Standard Customer
14907,0.139305,0,0.442809,Low Risk,1369.220000,Medium Value,Standard Customer
14911,0.085125,0,0.442809,Low Risk,41505.880000,High Value,Loyal High-Value Customer
14912,0.609998,1,0.442809,Medium Risk,0.000000,Low Value,Standard Customer
14913,0.266579,0,0.442809,Low Risk,0.000000,Low Value,Standard Customer
14915,0.367749,0,0.442809,Medium Risk,265.020000,Low Value,Standard Customer
14916,0.232757,0,0.442809,Low Risk,280.080000,Low Value,Standard Customer
14918,0.361622,0,0.442809,Medium Risk,573.180000,Medium Value,Standard Customer
14920,0.479614,1,0.442809,Medium Risk,340.010000,Low Value,Standard Customer
14921,0.449181,1,0.442809,Medium Risk,0.000000,Low Value,Standard Customer
14924,0.688303,1,0.442809,High Risk,198.660000,Low Value,At-Risk Customer
14930,0.250828,0,0.442809,Low Risk,944.660000,Medium Value,Standard Customer
14931,0.499720,1,0.442809,Medium Risk,313.130000,Low Value,Standard Customer
14932,0.767511,1,0.442809,High Risk,204.800000,Low Value,At-Risk Customer
14934,0.601582,1,0.442809,Medium Risk,0.000000,Low Value,Standard Customer
14935,0.732340,1,0.442809,High Risk,0.000000,Low Value,At-Risk Customer
14936,0.159761,0,0.442809,Low Risk,2029.140000,High Value,Loyal High-Value Customer
14937,0.374926,0,0.442809,Medium Risk,475.020000,Low Value,Standard Customer
14944,0.126560,0,0.442809,Low Risk,1661.480000,Medium Value,Standard Customer
14947,0.533532,1,0.442809,Medium Risk,131.960000,Low Value,Standard Customer
14948,0.254980,0,0.442809,Low Risk,299.260000,Low Value,Standard Customer
14952,0.130210,0,0.442809,Low Risk,1905.980000,Medium Value,Standard Customer
14957,0.692420,1,0.442809,High Risk,199.490000,Low Value,At-Risk Customer
14958,0.402264,0,0.442809,Medium Risk,411.160000,Low Value,Standard Customer
14959,0.310278,0,0.442809,Low Risk,239.990000,Low Value,Standard Customer
14960,0.587642,1,0.442809,Medium Risk,206.990000,Low Value,Standard Customer
14961,0.095918,0,0.442809,Low Risk,2591.450000,High Value,Loyal High-Value Customer
14962,0.716271,1,0.442809,High Risk,206.130000,Low Value,At-Risk Customer
14963,0.531885,1,0.442809,Medium Risk,93.450000,Low Value,Standard Customer
14964,0.675043,1,0.442809,High Risk,132.350000,Low Value,At-Risk Customer
14965,0.342145,0,0.442809,Low Risk,195.140000,Low Value,Standard Customer
14970,0.350739,0,0.442809,Medium Risk,845.790000,Medium Value,Standard Customer
14972,0.465374,1,0.442809,Medium Risk,184.110000,Low Value,Standard Customer
14973,0.395871,0,0.442809,Medium Risk,820.810000,Medium Value,Standard Customer
14976,0.254277,0,0.442809,Low Risk,431.720000,Low Value,Standard Customer
14978,0.322217,0,0.442809,Low Risk,996.410000,Medium Value,Standard Customer
14981,0.696275,1,0.442809,High Risk,160.490000,Low Value,At-Risk Customer
14984,0.541796,1,0.442809,Medium Risk,198.410000,Low Value,Standard Customer
14985,0.465015,1,0.442809,Medium Risk,118.920000,Low Value,Standard Customer
14987,0.710341,1,0.442809,High Risk,212.050000,Low Value,At-Risk Customer
14988,0.570781,1,0.442809,Medium Risk,117.100000,Low Value,Standard Customer
14995,0.550530,1,0.442809,Medium Risk,176.970000,Low Value,Standard Customer
14997,0.558377,1,0.442809,Medium Risk,0.690000,Low Value,Standard Customer
14998,0.431987,0,0.442809,Medium Risk,187.660000,Low Value,Standard Customer
15002,0.225523,0,0.442809,Low Risk,766.410000,Medium Value,Standard Customer
15004,0.339238,0,0.442809,Low Risk,0.000000,Low Value,Standard Customer
15005,0.083652,0,0.442809,Low Risk,1727.850000,Medium Value,Standard Customer
15007,0.587901,1,0.442809,Medium Risk,167.950000,Low Value,Standard Customer
15012,0.625485,1,0.442809,Medium Risk,165.300000,Low Value,Standard Customer
15014,0.556765,1,0.442809,Medium Risk,175.910000,Low Value,Standard Customer
15016,0.596557,1,0.442809,Medium Risk,159.770000,Low Value,Standard Customer
15018,0.529426,1,0.442809,Medium Risk,287.410000,Low Value,Standard Customer
15019,0.631847,1,0.442809,Medium Risk,88.620000,Low Value,Standard Customer
15021,0.122139,0,0.442809,Low Risk,549.300000,Medium Value,Standard Customer
15023,0.091637,0,0.442809,Low Risk,2952.900000,High Value,Loyal High-Value Customer
15024,0.204093,0,0.442809,Low Risk,493.560000,Low Value,Standard Customer
15026,0.579631,1,0.442809,Medium Risk,258.170000,Low Value,Standard Customer
15027,0.256849,0,0.442809,Low Risk,545.680000,Medium Value,Standard Customer
15028,0.704975,1,0.442809,High Risk,165.890000,Low Value,At-Risk Customer
15030,0.676728,1,0.442809,High Risk,130.040000,Low Value,At-Risk Customer
15031,0.327931,0,0.442809,Low Risk,216.850000,Low Value,Standard Customer
15032,0.320536,0,0.442809,Low Risk,1994.370000,Medium Value,Standard Customer
15033,0.116534,0,0.442809,Low Risk,723.890000,Medium Value,Standard Customer
15034,0.168935,0,0.442809,Low Risk,1379.350000,Medium Value,Standard Customer
15036,0.402482,0,0.442809,Medium Risk,187.330000,Low Value,Standard Customer
15038,0.260673,0,0.442809,Low Risk,406.700000,Low Value,Standard Customer
15039,0.084271,0,0.442809,Low Risk,11605.210000,High Value,Loyal High-Value Customer
15041,0.529261,1,0.442809,Medium Risk,104.240000,Low Value,Standard Customer
15042,0.652187,1,0.442809,High Risk,205.690000,Low Value,At-Risk Customer
15044,0.091746,0,0.442809,Low Risk,3700.450000,High Value,Loyal High-Value Customer
15045,0.483897,1,0.442809,Medium Risk,541.250000,Medium Value,Standard Customer
15046,0.094192,0,0.442809,Low Risk,1826.040000,Medium Value,Standard Customer
15047,0.707435,1,0.442809,High Risk,83.600000,Low Value,At-Risk Customer
15048,0.231247,0,0.442809,Low Risk,228.660000,Low Value,Standard Customer
15049,0.688040,1,0.442809,High Risk,194.260000,Low Value,At-Risk Customer
15051,0.415269,0,0.442809,Medium Risk,0.000000,Low Value,Standard Customer
15052,0.713149,1,0.442809,High Risk,176.610000,Low Value,At-Risk Customer
15053,0.402292,0,0.442809,Medium Risk,72.760000,Low Value,Standard Customer
15057,0.649811,1,0.442809,Medium Risk,547.020000,Medium Value,Standard Customer
15058,0.133605,0,0.442809,Low Risk,662.770000,Medium Value,Standard Customer
15059,0.119736,0,0.442809,Low Risk,580.920000,Medium Value,Standard Customer
15061,0.086227,0,0.442809,Low Risk,22641.810000,High Value,Loyal High-Value Customer
15062,0.354958,0,0.442809,Medium Risk,350.940000,Low Value,Standard Customer
15063,0.675133,1,0.442809,High Risk,208.090000,Low Value,At-Risk Customer
15065,0.168843,0,0.442809,Low Risk,1601.790000,Medium Value,Standard Customer
15067,0.610534,1,0.442809,Medium Risk,35.320000,Low Value,Standard Customer
15068,0.598446,1,0.442809,Medium Risk,125.210000,Low Value,Standard Customer
15069,0.509364,1,0.442809,Medium Risk,0.000000,Low Value,Standard Customer
15070,0.778317,1,0.442809,High Risk,229.260000,Low Value,At-Risk Customer
15071,0.437953,0,0.442809,Medium Risk,519.150000,Medium Value,Standard Customer
15073,0.426575,0,0.442809,Medium Risk,316.320000,Low Value,Standard Customer
15074,0.446200,1,0.442809,Medium Risk,0.000000,Low Value,Standard Customer
15076,0.502528,1,0.442809,Medium Risk,0.000000,Low Value,Standard Customer
15078,0.084189,0,0.442809,Low Risk,3790.130000,High Value,Loyal High-Value Customer
15079,0.346210,0,0.442809,Low Risk,581.320000,Medium Value,Standard Customer
15081,0.470438,1,0.442809,Medium Risk,253.680000,Low Value,Standard Customer
15083,0.703528,1,0.442809,High Risk,205.140000,Low Value,At-Risk Customer
15087,0.685455,1,0.442809,High Risk,0.000000,Low Value,At-Risk Customer
15089,0.183167,0,0.442809,Low Risk,684.570000,Medium Value,Standard Customer
15090,0.725133,1,0.442809,High Risk,101.830000,Low Value,At-Risk Customer
15092,0.577163,1,0.442809,Medium Risk,343.090000,Low Value,Standard Customer
15093,0.125674,0,0.442809,Low Risk,1228.830000,Medium Value,Standard Customer
15095,0.284072,0,0.442809,Low Risk,486.040000,Low Value,Standard Customer
15098,0.501703,1,0.442809,Medium Risk,638.850000,Medium Value,Standard Customer
15100,0.614571,1,0.442809,Medium Risk,651.640000,Medium Value,Standard Customer
15101,0.675617,1,0.442809,High Risk,247.970000,Low Value,At-Risk Customer
15104,0.342690,0,0.442809,Low Risk,389.160000,Low Value,Standard Customer
15105,0.523509,1,0.442809,Medium Risk,43.030000,Low Value,Standard Customer
15106,0.231811,0,0.442809,Low Risk,354.520000,Low Value,Standard Customer
15107,0.386302,0,0.442809,Medium Risk,195.780000,Low Value,Standard Customer
15108,0.250273,0,0.442809,Low Risk,826.030000,Medium Value,Standard Customer
15109,0.641208,1,0.442809,Medium Risk,352.040000,Low Value,Standard Customer
15110,0.314773,0,0.442809,Low Risk,342.210000,Low Value,Standard Customer
15111,0.697088,1,0.442809,High Risk,182.290000,Low Value,At-Risk Customer
15114,0.130771,0,0.442809,Low Risk,237.480000,Low Value,Standard Customer
15116,0.382272,0,0.442809,Medium Risk,433.080000,Low Value,Standard Customer
15117,0.338239,0,0.442809,Low Risk,0.000000,Low Value,Standard Customer
15118,0.584133,1,0.442809,Medium Risk,0.000000,Low Value,Standard Customer
15119,0.667578,1,0.442809,High Risk,175.030000,Low Value,At-Risk Customer
15120,0.444366,1,0.442809,Medium Risk,156.470000,Low Value,Standard Customer
15121,0.666731,1,0.442809,High Risk,154.650000,Low Value,At-Risk Customer
15122,0.192751,0,0.442809,Low Risk,874.560000,Medium Value,Standard Customer
15123,0.495682,1,0.442809,Medium Risk,0.000000,Low Value,Standard Customer
15124,0.605680,1,0.442809,Medium Risk,155.880000,Low Value,Standard Customer
15125,0.086016,0,0.442809,Low Risk,6083.460000,High Value,Loyal High-Value Customer
15128,0.151374,0,0.442809,Low Risk,334.300000,Low Value,Standard Customer
15129,0.116032,0,0.442809,Low Risk,1457.940000,Medium Value,Standard Customer
15130,0.586412,1,0.442809,Medium Risk,84.630000,Low Value,Standard Customer
15132,0.255069,0,0.442809,Low Risk,281.290000,Low Value,Standard Customer
15133,0.420215,0,0.442809,Medium Risk,367.430000,Low Value,Standard Customer
15134,0.287891,0,0.442809,Low Risk,338.530000,Low Value,Standard Customer
15135,0.656194,1,0.442809,High Risk,239.570000,Low Value,At-Risk Customer
15136,0.383683,0,0.442809,Medium Risk,0.000000,Low Value,Standard Customer
15139,0.641706,1,0.442809,Medium Risk,147.780000,Low Value,Standard Customer
15140,0.163690,0,0.442809,Low Risk,676.390000,Medium Value,Standard Customer
15143,0.643463,1,0.442809,Medium Risk,127.390000,Low Value,Standard Customer
15144,0.100685,0,0.442809,Low Risk,1900.170000,Medium Value,Standard Customer
15145,0.448301,1,0.442809,Medium Risk,268.650000,Low Value,Standard Customer
15146,0.297586,0,0.442809,Low Risk,8.290000,Low Value,Standard Customer
15147,0.568047,1,0.442809,Medium Risk,261.890000,Low Value,Standard Customer
15149,0.537231,1,0.442809,Medium Risk,142.280000,Low Value,Standard Customer
15150,0.115600,0,0.442809,Low Risk,1201.070000,Medium Value,Standard Customer
15152,0.115415,0,0.442809,Low Risk,1285.300000,Medium Value,Standard Customer
15157,0.182627,0,0.442809,Low Risk,0.000000,Low Value,Standard Customer
15159,0.084028,0,0.442809,Low Risk,4459.590000,High Value,Loyal High-Value Customer
15160,0.758733,1,0.442809,High Risk,194.640000,Low Value,At-Risk Customer
15163,0.598483,1,0.442809,Medium Risk,189.420000,Low Value,Standard Customer
15164,0.434140,0,0.442809,Medium Risk,263.640000,Low Value,Standard Customer
15165,0.773651,1,0.442809,High Risk,151.320000,Low Value,At-Risk Customer
15167,0.683480,1,0.442809,High Risk,173.770000,Low Value,At-Risk Customer
15171,0.745686,1,0.442809,High Risk,656.160000,Medium Value,At-Risk Customer
15172,0.244910,0,0.442809,Low Risk,162.240000,Low Value,Standard Customer
15174,0.730150,1,0.442809,High Risk,138.640000,Low Value,At-Risk Customer
15178,0.689138,1,0.442809,High Risk,209.220000,Low Value,At-Risk Customer
15179,0.326280,0,0.442809,Low Risk,375.280000,Low Value,Standard Customer
15180,0.771066,1,0.442809,High Risk,223.060000,Low Value,At-Risk Customer
15181,0.369704,0,0.442809,Medium Risk,306.800000,Low Value,Standard Customer
15182,0.507271,1,0.442809,Medium Risk,340.930000,Low Value,Standard Customer
15184,0.563419,1,0.442809,Medium Risk,169.880000,Low Value,Standard Customer
15186,0.542556,1,0.442809,Medium Risk,110.730000,Low Value,Standard Customer
15187,0.165253,0,0.442809,Low Risk,1154.730000,Medium Value,Standard Customer
15189,0.084569,0,0.442809,Low Risk,8409.430000,High Value,Loyal High-Value Customer
15192,0.360070,0,0.442809,Medium Risk,234.630000,Low Value,Standard Customer
15194,0.087574,0,0.442809,Low Risk,1748.230000,Medium Value,Standard Customer
15197,0.552653,1,0.442809,Medium Risk,294.130000,Low Value,Standard Customer
15198,0.497144,1,0.442809,Medium Risk,197.730000,Low Value,Standard Customer
15199,0.369929,0,0.442809,Medium Risk,635.770000,Medium Value,Standard Customer
15201,0.160352,0,0.442809,Low Risk,222.580000,Low Value,Standard Customer
15203,0.196183,0,0.442809,Low Risk,193.180000,Low Value,Standard Customer
15204,0.752504,1,0.442809,High Risk,79.900000,Low Value,At-Risk Customer
15205,0.370180,0,0.442809,Medium Risk,291.180000,Low Value,Standard Customer
15206,0.319970,0,0.442809,Low Risk,266.750000,Low Value,Standard Customer
15208,0.493673,1,0.442809,Medium Risk,252.270000,Low Value,Standard Customer
15210,0.663747,1,0.442809,High Risk,73.060000,Low Value,At-Risk Customer
15211,0.709442,1,0.442809,High Risk,175.400000,Low Value,At-Risk Customer
15212,0.648261,1,0.442809,Medium Risk,228.070000,Low Value,Standard Customer
15213,0.670122,1,0.442809,High Risk,221.610000,Low Value,At-Risk Customer
15214,0.372317,0,0.442809,Medium Risk,129.330000,Low Value,Standard Customer
15215,0.343529,0,0.442809,Low Risk,272.030000,Low Value,Standard Customer
15218,0.128042,0,0.442809,Low Risk,1943.250000,Medium Value,Standard Customer
15219,0.599505,1,0.442809,Medium Risk,201.640000,Low Value,Standard Customer
15220,0.156222,0,0.442809,Low Risk,349.150000,Low Value,Standard Customer
15221,0.742488,1,0.442809,High Risk,264.440000,Low Value,At-Risk Customer
15222,0.744470,1,0.442809,High Risk,0.000000,Low Value,At-Risk Customer
15223,0.604583,1,0.442809,Medium Risk,428.230000,Low Value,Standard Customer
15224,0.681512,1,0.442809,High Risk,309.600000,Low Value,At-Risk Customer
15225,0.675219,1,0.442809,High Risk,79.730000,Low Value,At-Risk Customer
15226,0.742439,1,0.442809,High Risk,193.070000,Low Value,At-Risk Customer
15227,0.348685,0,0.442809,Low Risk,363.080000,Low Value,Standard Customer
15228,0.189506,0,0.442809,Low Risk,776.860000,Medium Value,Standard Customer
15230,0.623540,1,0.442809,Medium Risk,177.980000,Low Value,Standard Customer
15232,0.397019,0,0.442809,Medium Risk,19.920000,Low Value,Standard Customer
15234,0.685007,1,0.442809,High Risk,97.790000,Low Value,At-Risk Customer
15235,0.191150,0,0.442809,Low Risk,1099.440000,Medium Value,Standard Customer
15236,0.721730,1,0.442809,High Risk,58.520000,Low Value,At-Risk Customer
15237,0.361291,0,0.442809,Medium Risk,184.790000,Low Value,Standard Customer
15238,0.241456,0,0.442809,Low Risk,308.450000,Low Value,Standard Customer
15240,0.255244,0,0.442809,Low Risk,444.640000,Low Value,Standard Customer
15241,0.150898,0,0.442809,Low Risk,116.570000,Low Value,Standard Customer
15244,0.623186,1,0.442809,Medium Risk,69.440000,Low Value,Standard Customer
15245,0.340801,0,0.442809,Low Risk,660.620000,Medium Value,Standard Customer
15246,0.572673,1,0.442809,Medium Risk,291.540000,Low Value,Standard Customer
15247,0.543977,1,0.442809,Medium Risk,118.160000,Low Value,Standard Customer
15249,0.089019,0,0.442809,Low Risk,3031.090000,High Value,Loyal High-Value Customer
15251,0.093939,0,0.442809,Low Risk,4971.640000,High Value,Loyal High-Value Customer
15252,0.580557,1,0.442809,Medium Risk,160.250000,Low Value,Standard Customer
15253,0.581638,1,0.442809,Medium Risk,70.170000,Low Value,Standard Customer
15254,0.512675,1,0.442809,Medium Risk,23.550000,Low Value,Standard Customer
15256,0.592794,1,0.442809,Medium Risk,176.240000,Low Value,Standard Customer
15257,0.668622,1,0.442809,High Risk,304.230000,Low Value,At-Risk Customer
15258,0.531259,1,0.442809,Medium Risk,415.710000,Low Value,Standard Customer
15260,0.178631,0,0.442809,Low Risk,1030.250000,Medium Value,Standard Customer
15261,0.525046,1,0.442809,Medium Risk,23.940000,Low Value,Standard Customer
15262,0.742413,1,0.442809,High Risk,194.060000,Low Value,At-Risk Customer
15263,0.529812,1,0.442809,Medium Risk,145.450000,Low Value,Standard Customer
15265,0.326941,0,0.442809,Low Risk,536.490000,Medium Value,Standard Customer
15266,0.762892,1,0.442809,High Risk,233.810000,Low Value,At-Risk Customer
15267,0.455073,1,0.442809,Medium Risk,471.410000,Low Value,Standard Customer
15270,0.168651,0,0.442809,Low Risk,976.490000,Medium Value,Standard Customer
15271,0.107066,0,0.442809,Low Risk,866.020000,Medium Value,Standard Customer
15279,0.699745,1,0.442809,High Risk,230.540000,Low Value,At-Risk Customer
15280,0.550829,1,0.442809,Medium Risk,102.930000,Low Value,Standard Customer
15281,0.104800,0,0.442809,Low Risk,1116.830000,Medium Value,Standard Customer
15288,0.234691,0,0.442809,Low Risk,1177.430000,Medium Value,Standard Customer
15289,0.286734,0,0.442809,Low Risk,96.930000,Low Value,Standard Customer
15290,0.097655,0,0.442809,Low Risk,1933.640000,Medium Value,Standard Customer
15291,0.091962,0,0.442809,Low Risk,2349.800000,High Value,Loyal High-Value Customer
15292,0.604692,1,0.442809,Medium Risk,176.200000,Low Value,Standard Customer
15296,0.140250,0,0.442809,Low Risk,1358.640000,Medium Value,Standard Customer
15298,0.117023,0,0.442809,Low Risk,908.950000,Medium Value,Standard Customer
15299,0.140458,0,0.442809,Low Risk,364.020000,Low Value,Standard Customer
15301,0.100548,0,0.442809,Low Risk,1996.700000,Medium Value,Standard Customer
15303,0.724691,1,0.442809,High Risk,79.660000,Low Value,At-Risk Customer
15304,0.229087,0,0.442809,Low Risk,452.230000,Low Value,Standard Customer
15306,0.334385,0,0.442809,Low Risk,161.920000,Low Value,Standard Customer
15307,0.512012,1,0.442809,Medium Risk,184.480000,Low Value,Standard Customer
15308,0.653568,1,0.442809,High Risk,241.330000,Low Value,At-Risk Customer
15311,0.085965,0,0.442809,Low Risk,23491.740000,High Value,Loyal High-Value Customer
15312,0.253796,0,0.442809,Low Risk,458.070000,Low Value,Standard Customer
15313,0.601127,1,0.442809,Medium Risk,191.820000,Low Value,Standard Customer
15314,0.610355,1,0.442809,Medium Risk,5.320000,Low Value,Standard Customer
15315,0.397178,0,0.442809,Medium Risk,123.180000,Low Value,Standard Customer
15316,0.738757,1,0.442809,High Risk,181.360000,Low Value,At-Risk Customer
15319,0.685970,1,0.442809,High Risk,112.790000,Low Value,At-Risk Customer
15321,0.590409,1,0.442809,Medium Risk,0.000000,Low Value,Standard Customer
15325,0.476597,1,0.442809,Medium Risk,16.520000,Low Value,Standard Customer
15326,0.729167,1,0.442809,High Risk,0.000000,Low Value,At-Risk Customer
15329,0.301929,0,0.442809,Low Risk,392.580000,Low Value,Standard Customer
15332,0.637331,1,0.442809,Medium Risk,1020.220000,Medium Value,Standard Customer
15333,0.655427,1,0.442809,High Risk,46.650000,Low Value,At-Risk Customer
15334,0.384994,0,0.442809,Medium Risk,177.120000,Low Value,Standard Customer
15339,0.649458,1,0.442809,Medium Risk,114.970000,Low Value,Standard Customer
15342,0.409139,0,0.442809,Medium Risk,190.100000,Low Value,Standard Customer
15346,0.711183,1,0.442809,High Risk,145.450000,Low Value,At-Risk Customer
15347,0.757842,1,0.442809,High Risk,166.090000,Low Value,At-Risk Customer
15349,0.410826,0,0.442809,Medium Risk,173.910000,Low Value,Standard Customer
15350,0.742226,1,0.442809,High Risk,216.380000,Low Value,At-Risk Customer
15351,0.598847,1,0.442809,Medium Risk,244.990000,Low Value,Standard Customer
15353,0.525687,1,0.442809,Medium Risk,351.000000,Low Value,Standard Customer
15356,0.104461,0,0.442809,Low Risk,1006.250000,Medium Value,Standard Customer
15358,0.084607,0,0.442809,Low Risk,1676.510000,Medium Value,Standard Customer
15361,0.765259,1,0.442809,High Risk,34.920000,Low Value,At-Risk Customer
15363,0.637259,1,0.442809,Medium Risk,269.210000,Low Value,Standard Customer
15364,0.420733,0,0.442809,Medium Risk,319.160000,Low Value,Standard Customer
15365,0.322844,0,0.442809,Low Risk,397.380000,Low Value,Standard Customer
15366,0.712484,1,0.442809,High Risk,203.780000,Low Value,At-Risk Customer
15367,0.313668,0,0.442809,Low Risk,603.670000,Medium Value,Standard Customer
15369,0.642931,1,0.442809,Medium Risk,85.050000,Low Value,Standard Customer
15370,0.208801,0,0.442809,Low Risk,907.560000,Medium Value,Standard Customer
15372,0.494505,1,0.442809,Medium Risk,0.000000,Low Value,Standard Customer
15373,0.131914,0,0.442809,Low Risk,1130.030000,Medium Value,Standard Customer
15374,0.570223,1,0.442809,Medium Risk,130.650000,Low Value,Standard Customer
15376,0.303556,0,0.442809,Low Risk,282.470000,Low Value,Standard Customer
15379,0.186899,0,0.442809,Low Risk,1652.720000,Medium Value,Standard Customer
15380,0.422539,0,0.442809,Medium Risk,348.220000,Low Value,Standard Customer
15381,0.611478,1,0.442809,Medium Risk,406.410000,Low Value,Standard Customer
15382,0.168157,0,0.442809,Low Risk,726.220000,Medium Value,Standard Customer
15384,0.361553,0,0.442809,Medium Risk,181.370000,Low Value,Standard Customer
15386,0.562712,1,0.442809,Medium Risk,0.000000,Low Value,Standard Customer
15388,0.706968,1,0.442809,High Risk,172.090000,Low Value,At-Risk Customer
15389,0.643460,1,0.442809,Medium Risk,0.000000,Low Value,Standard Customer
15392,0.642149,1,0.442809,Medium Risk,110.470000,Low Value,Standard Customer
15393,0.700158,1,0.442809,High Risk,169.670000,Low Value,At-Risk Customer
15394,0.403245,0,0.442809,Medium Risk,577.960000,Medium Value,Standard Customer
15395,0.757260,1,0.442809,High Risk,230.770000,Low Value,At-Risk Customer
15396,0.493692,1,0.442809,Medium Risk,131.870000,Low Value,Standard Customer
15397,0.744239,1,0.442809,High Risk,222.730000,Low Value,At-Risk Customer
15400,0.324199,0,0.442809,Low Risk,421.020000,Low Value,Standard Customer
15402,0.446352,1,0.442809,Medium Risk,20.820000,Low Value,Standard Customer
15405,0.636846,1,0.442809,Medium Risk,103.110000,Low Value,Standard Customer
15406,0.666442,1,0.442809,High Risk,130.860000,Low Value,At-Risk Customer
15407,0.322083,0,0.442809,Low Risk,424.620000,Low Value,Standard Customer
15408,0.647772,1,0.442809,Medium Risk,149.570000,Low Value,Standard Customer
15410,0.157836,0,0.442809,Low Risk,2075.790000,High Value,Loyal High-Value Customer
15411,0.380629,0,0.442809,Medium Risk,273.410000,Low Value,Standard Customer
15412,0.605075,1,0.442809,Medium Risk,146.410000,Low Value,Standard Customer
15414,0.689593,1,0.442809,High Risk,217.260000,Low Value,At-Risk Customer
15415,0.710541,1,0.442809,High Risk,0.000000,Low Value,At-Risk Customer
15416,0.187285,0,0.442809,Low Risk,1333.360000,Medium Value,Standard Customer
15421,0.389733,0,0.442809,Medium Risk,414.420000,Low Value,Standard Customer
15422,0.720001,1,0.442809,High Risk,241.730000,Low Value,At-Risk Customer
15424,0.623604,1,0.442809,Medium Risk,15.360000,Low Value,Standard Customer
15426,0.309605,0,0.442809,Low Risk,392.440000,Low Value,Standard Customer
15433,0.414396,0,0.442809,Medium Risk,88.490000,Low Value,Standard Customer
15434,0.284304,0,0.442809,Low Risk,217.840000,Low Value,Standard Customer
15436,0.380944,0,0.442809,Medium Risk,0.000000,Low Value,Standard Customer
15437,0.619091,1,0.442809,Medium Risk,155.220000,Low Value,Standard Customer
15438,0.539882,1,0.442809,Medium Risk,160.410000,Low Value,Standard Customer
15440,0.397137,0,0.442809,Medium Risk,213.760000,Low Value,Standard Customer
15442,0.740331,1,0.442809,High Risk,188.250000,Low Value,At-Risk Customer
15443,0.316994,0,0.442809,Low Risk,263.970000,Low Value,Standard Customer
15445,0.681398,1,0.442809,High Risk,194.210000,Low Value,At-Risk Customer
15447,0.752212,1,0.442809,High Risk,185.540000,Low Value,At-Risk Customer
15448,0.740940,1,0.442809,High Risk,90.500000,Low Value,At-Risk Customer
15449,0.369653,0,0.442809,Medium Risk,250.320000,Low Value,Standard Customer
15452,0.605586,1,0.442809,Medium Risk,124.430000,Low Value,Standard Customer
15453,0.183422,0,0.442809,Low Risk,371.790000,Low Value,Standard Customer
15454,0.746021,1,0.442809,High Risk,180.720000,Low Value,At-Risk Customer
15456,0.551909,1,0.442809,Medium Risk,6.560000,Low Value,Standard Customer
15457,0.639889,1,0.442809,Medium Risk,111.130000,Low Value,Standard Customer
15460,0.703752,1,0.442809,High Risk,142.560000,Low Value,At-Risk Customer
15462,0.340465,0,0.442809,Low Risk,201.610000,Low Value,Standard Customer
15464,0.600902,1,0.442809,Medium Risk,0.000000,Low Value,Standard Customer
15465,0.094111,0,0.442809,Low Risk,4760.680000,High Value,Loyal High-Value Customer
15467,0.379009,0,0.442809,Medium Risk,220.270000,Low Value,Standard Customer
15468,0.720122,1,0.442809,High Risk,245.090000,Low Value,At-Risk Customer
15469,0.401474,0,0.442809,Medium Risk,244.830000,Low Value,Standard Customer
15472,0.418281,0,0.442809,Medium Risk,0.000000,Low Value,Standard Customer
15480,0.447165,1,0.442809,Medium Risk,28.770000,Low Value,Standard Customer
15482,0.289684,0,0.442809,Low Risk,1322.310000,Medium Value,Standard Customer
15483,0.404143,0,0.442809,Medium Risk,71.320000,Low Value,Standard Customer
15485,0.633285,1,0.442809,Medium Risk,478.860000,Low Value,Standard Customer
15488,0.526742,1,0.442809,Medium Risk,157.300000,Low Value,Standard Customer
15489,0.609263,1,0.442809,Medium Risk,75.540000,Low Value,Standard Customer
15491,0.182679,0,0.442809,Low Risk,1617.780000,Medium Value,Standard Customer
15493,0.212319,0,0.442809,Low Risk,860.420000,Medium Value,Standard Customer
15494,0.274462,0,0.442809,Low Risk,0.000000,Low Value,Standard Customer
15497,0.581813,1,0.442809,Medium Risk,375.160000,Low Value,Standard Customer
15498,0.083541,0,0.442809,Low Risk,4836.780000,High Value,Loyal High-Value Customer
15502,0.093413,0,0.442809,Low Risk,0.000000,Low Value,Standard Customer
15503,0.717385,1,0.442809,High Risk,152.880000,Low Value,At-Risk Customer
15505,0.271041,0,0.442809,Low Risk,950.030000,Medium Value,Standard Customer
15506,0.430590,0,0.442809,Medium Risk,88.280000,Low Value,Standard Customer
15507,0.534399,1,0.442809,Medium Risk,107.700000,Low Value,Standard Customer
15508,0.280600,0,0.442809,Low Risk,617.670000,Medium Value,Standard Customer
15510,0.767458,1,0.442809,High Risk,258.220000,Low Value,At-Risk Customer
15512,0.592832,1,0.442809,Medium Risk,206.390000,Low Value,Standard Customer
15513,0.084834,0,0.442809,Low Risk,7676.380000,High Value,Loyal High-Value Customer
15514,0.183776,0,0.442809,Low Risk,707.940000,Medium Value,Standard Customer
15517,0.647356,1,0.442809,Medium Risk,17.620000,Low Value,Standard Customer
15518,0.101746,0,0.442809,Low Risk,613.710000,Medium Value,Standard Customer
15521,0.104385,0,0.442809,Low Risk,830.760000,Medium Value,Standard Customer
15525,0.656410,1,0.442809,High Risk,149.680000,Low Value,At-Risk Customer
15527,0.195833,0,0.442809,Low Risk,846.000000,Medium Value,Standard Customer
15528,0.657239,1,0.442809,High Risk,139.240000,Low Value,At-Risk Customer
15529,0.096687,0,0.442809,Low Risk,596.070000,Medium Value,Standard Customer
15530,0.274041,0,0.442809,Low Risk,474.770000,Low Value,Standard Customer
15532,0.162981,0,0.442809,Low Risk,719.580000,Medium Value,Standard Customer
15535,0.277708,0,0.442809,Low Risk,371.240000,Low Value,Standard Customer
15537,0.574652,1,0.442809,Medium Risk,183.850000,Low Value,Standard Customer
15541,0.545329,1,0.442809,Medium Risk,156.030000,Low Value,Standard Customer
15543,0.678570,1,0.442809,High Risk,162.740000,Low Value,At-Risk Customer
15544,0.116013,0,0.442809,Low Risk,955.070000,Medium Value,Standard Customer
15545,0.649435,1,0.442809,Medium Risk,180.010000,Low Value,Standard Customer
15547,0.097727,0,0.442809,Low Risk,1101.570000,Medium Value,Standard Customer
15549,0.247127,0,0.442809,Low Risk,778.390000,Medium Value,Standard Customer
15550,0.305590,0,0.442809,Low Risk,267.670000,Low Value,Standard Customer
15552,0.635925,1,0.442809,Medium Risk,174.160000,Low Value,Standard Customer
15554,0.691196,1,0.442809,High Risk,186.050000,Low Value,At-Risk Customer
15555,0.087732,0,0.442809,Low Risk,715.390000,Medium Value,Standard Customer
15561,0.280040,0,0.442809,Low Risk,366.100000,Low Value,Standard Customer
15562,0.761040,1,0.442809,High Risk,226.100000,Low Value,At-Risk Customer
15563,0.378231,0,0.442809,Medium Risk,39.750000,Low Value,Standard Customer
15569,0.284210,0,0.442809,Low Risk,789.100000,Medium Value,Standard Customer
15570,0.102553,0,0.442809,Low Risk,1679.810000,Medium Value,Standard Customer
15572,0.186315,0,0.442809,Low Risk,806.820000,Medium Value,Standard Customer
15574,0.278816,0,0.442809,Low Risk,363.100000,Low Value,Standard Customer
15577,0.460873,1,0.442809,Medium Risk,262.990000,Low Value,Standard Customer
15578,0.585076,1,0.442809,Medium Risk,177.320000,Low Value,Standard Customer
15579,0.656327,1,0.442809,High Risk,194.390000,Low Value,At-Risk Customer
15581,0.174523,0,0.442809,Low Risk,2944.840000,High Value,Loyal High-Value Customer
15582,0.349332,0,0.442809,Low Risk,170.960000,Low Value,Standard Customer
15584,0.474535,1,0.442809,Medium Risk,164.170000,Low Value,Standard Customer
15585,0.515069,1,0.442809,Medium Risk,1.370000,Low Value,Standard Customer
15587,0.443369,1,0.442809,Medium Risk,331.980000,Low Value,Standard Customer
15589,0.538523,1,0.442809,Medium Risk,336.390000,Low Value,Standard Customer
15590,0.756178,1,0.442809,High Risk,231.700000,Low Value,At-Risk Customer
15594,0.291356,0,0.442809,Low Risk,361.420000,Low Value,Standard Customer
15596,0.186069,0,0.442809,Low Risk,858.280000,Medium Value,Standard Customer
15599,0.546959,1,0.442809,Medium Risk,0.000000,Low Value,Standard Customer
15601,0.089737,0,0.442809,Low Risk,2324.090000,High Value,Loyal High-Value Customer
15602,0.165717,0,0.442809,Low Risk,160.300000,Low Value,Standard Customer
15605,0.426310,0,0.442809,Medium Risk,463.570000,Low Value,Standard Customer
15606,0.145787,0,0.442809,Low Risk,1721.270000,Medium Value,Standard Customer
15607,0.723944,1,0.442809,High Risk,96.370000,Low Value,At-Risk Customer
15608,0.464238,1,0.442809,Medium Risk,53.200000,Low Value,Standard Customer
15609,0.533393,1,0.442809,Medium Risk,231.860000,Low Value,Standard Customer
15611,0.158791,0,0.442809,Low Risk,711.030000,Medium Value,Standard Customer
15615,0.084003,0,0.442809,Low Risk,4193.950000,High Value,Loyal High-Value Customer
15618,0.294588,0,0.442809,Low Risk,292.540000,Low Value,Standard Customer
15620,0.263074,0,0.442809,Low Risk,375.710000,Low Value,Standard Customer
15622,0.124786,0,0.442809,Low Risk,1422.950000,Medium Value,Standard Customer
15623,0.532561,1,0.442809,Medium Risk,131.200000,Low Value,Standard Customer
15624,0.326199,0,0.442809,Low Risk,339.750000,Low Value,Standard Customer
15625,0.194305,0,0.442809,Low Risk,575.620000,Medium Value,Standard Customer
15626,0.686026,1,0.442809,High Risk,25.830000,Low Value,At-Risk Customer
15628,0.166938,0,0.442809,Low Risk,732.120000,Medium Value,Standard Customer
15630,0.510010,1,0.442809,Medium Risk,202.830000,Low Value,Standard Customer
15632,0.136873,0,0.442809,Low Risk,1198.030000,Medium Value,Standard Customer
15636,0.697190,1,0.442809,High Risk,192.980000,Low Value,At-Risk Customer
15638,0.763618,1,0.442809,High Risk,263.880000,Low Value,At-Risk Customer
15639,0.506095,1,0.442809,Medium Risk,0.000000,Low Value,Standard Customer
15640,0.087611,0,0.442809,Low Risk,4848.300000,High Value,Loyal High-Value Customer
15641,0.174414,0,0.442809,Low Risk,456.540000,Low Value,Standard Customer
15643,0.302749,0,0.442809,Low Risk,484.740000,Low Value,Standard Customer
15644,0.222765,0,0.442809,Low Risk,274.410000,Low Value,Standard Customer
15646,0.382379,0,0.442809,Medium Risk,187.520000,Low Value,Standard Customer
15648,0.478817,1,0.442809,Medium Risk,466.530000,Low Value,Standard Customer
15649,0.749048,1,0.442809,High Risk,538.190000,Medium Value,At-Risk Customer
15651,0.636665,1,0.442809,Medium Risk,66.340000,Low Value,Standard Customer
15652,0.480632,1,0.442809,Medium Risk,66.040000,Low Value,Standard Customer
15653,0.459496,1,0.442809,Medium Risk,0.000000,Low Value,Standard Customer
15655,0.550197,1,0.442809,Medium Risk,236.550000,Low Value,Standard Customer
15656,0.366760,0,0.442809,Medium Risk,409.210000,Low Value,Standard Customer
15658,0.309161,0,0.442809,Low Risk,756.250000,Medium Value,Standard Customer
15660,0.146393,0,0.442809,Low Risk,390.450000,Low Value,Standard Customer
15661,0.711954,1,0.442809,High Risk,219.990000,Low Value,At-Risk Customer
15663,0.491625,1,0.442809,Medium Risk,134.300000,Low Value,Standard Customer
15664,0.671835,1,0.442809,High Risk,252.520000,Low Value,At-Risk Customer
15665,0.349595,0,0.442809,Low Risk,188.670000,Low Value,Standard Customer
15668,0.710338,1,0.442809,High Risk,177.140000,Low Value,At-Risk Customer
15669,0.274976,0,0.442809,Low Risk,381.600000,Low Value,Standard Customer
15670,0.710111,1,0.442809,High Risk,175.040000,Low Value,At-Risk Customer
15671,0.141613,0,0.442809,Low Risk,979.990000,Medium Value,Standard Customer
15673,0.237040,0,0.442809,Low Risk,859.140000,Medium Value,Standard Customer
15674,0.249407,0,0.442809,Low Risk,374.330000,Low Value,Standard Customer
15675,0.472072,1,0.442809,Medium Risk,0.000000,Low Value,Standard Customer
15676,0.378857,0,0.442809,Medium Risk,251.390000,Low Value,Standard Customer
15679,0.436838,0,0.442809,Medium Risk,41.080000,Low Value,Standard Customer
15680,0.673909,1,0.442809,High Risk,25.920000,Low Value,At-Risk Customer
15681,0.433207,0,0.442809,Medium Risk,343.450000,Low Value,Standard Customer
15683,0.542629,1,0.442809,Medium Risk,121.920000,Low Value,Standard Customer
15687,0.173383,0,0.442809,Low Risk,1072.900000,Medium Value,Standard Customer
15689,0.486890,1,0.442809,Medium Risk,262.690000,Low Value,Standard Customer
15690,0.440035,0,0.442809,Medium Risk,62.510000,Low Value,Standard Customer
15691,0.702538,1,0.442809,High Risk,186.620000,Low Value,At-Risk Customer
15694,0.149135,0,0.442809,Low Risk,2547.630000,High Value,Loyal High-Value Customer
15695,0.656341,1,0.442809,High Risk,270.630000,Low Value,At-Risk Customer
15696,0.147124,0,0.442809,Low Risk,921.520000,Medium Value,Standard Customer
15700,0.301539,0,0.442809,Low Risk,350.490000,Low Value,Standard Customer
15701,0.342708,0,0.442809,Low Risk,0.000000,Low Value,Standard Customer
15703,0.685334,1,0.442809,High Risk,196.320000,Low Value,At-Risk Customer
15704,0.264479,0,0.442809,Low Risk,1181.830000,Medium Value,Standard Customer
15705,0.635018,1,0.442809,Medium Risk,183.100000,Low Value,Standard Customer
15706,0.353143,0,0.442809,Medium Risk,299.450000,Low Value,Standard Customer
15708,0.112572,0,0.442809,Low Risk,1716.820000,Medium Value,Standard Customer
15709,0.712938,1,0.442809,High Risk,153.290000,Low Value,At-Risk Customer
15712,0.293027,0,0.442809,Low Risk,425.170000,Low Value,Standard Customer
15713,0.423856,0,0.442809,Medium Risk,298.730000,Low Value,Standard Customer
15716,0.241790,0,0.442809,Low Risk,432.760000,Low Value,Standard Customer
15717,0.688114,1,0.442809,High Risk,182.370000,Low Value,At-Risk Customer
15719,0.087198,0,0.442809,Low Risk,2111.290000,High Value,Loyal High-Value Customer
15722,0.246022,0,0.442809,Low Risk,800.660000,Medium Value,Standard Customer
15723,0.717098,1,0.442809,High Risk,171.220000,Low Value,At-Risk Customer
15724,0.575249,1,0.442809,Medium Risk,271.710000,Low Value,Standard Customer
15727,0.111344,0,0.442809,Low Risk,2121.250000,High Value,Loyal High-Value Customer
15729,0.628381,1,0.442809,Medium Risk,212.890000,Low Value,Standard Customer
15730,0.293771,0,0.442809,Low Risk,330.950000,Low Value,Standard Customer
15732,0.576622,1,0.442809,Medium Risk,202.670000,Low Value,Standard Customer
15733,0.691337,1,0.442809,High Risk,194.130000,Low Value,At-Risk Customer
15734,0.475296,1,0.442809,Medium Risk,666.690000,Medium Value,Standard Customer
15737,0.164496,0,0.442809,Low Risk,481.110000,Low Value,Standard Customer
15738,0.092127,0,0.442809,Low Risk,1930.930000,Medium Value,Standard Customer
15743,0.360766,0,0.442809,Medium Risk,318.980000,Low Value,Standard Customer
15745,0.634569,1,0.442809,Medium Risk,145.720000,Low Value,Standard Customer
15746,0.518307,1,0.442809,Medium Risk,177.110000,Low Value,Standard Customer
15747,0.381787,0,0.442809,Medium Risk,264.850000,Low Value,Standard Customer
15749,0.346859,0,0.442809,Low Risk,10888.360000,High Value,Loyal High-Value Customer
15750,0.166693,0,0.442809,Low Risk,215.500000,Low Value,Standard Customer
15752,0.105563,0,0.442809,Low Risk,614.150000,Medium Value,Standard Customer
15753,0.733174,1,0.442809,High Risk,139.910000,Low Value,At-Risk Customer
15754,0.686812,1,0.442809,High Risk,204.490000,Low Value,At-Risk Customer
15755,0.254571,0,0.442809,Low Risk,490.480000,Low Value,Standard Customer
15756,0.238464,0,0.442809,Low Risk,221.680000,Low Value,Standard Customer
15757,0.622666,1,0.442809,Medium Risk,112.670000,Low Value,Standard Customer
15759,0.606350,1,0.442809,Medium Risk,316.740000,Low Value,Standard Customer
15764,0.124065,0,0.442809,Low Risk,1435.220000,Medium Value,Standard Customer
15768,0.335118,0,0.442809,Low Risk,416.990000,Low Value,Standard Customer
15769,0.084796,0,0.442809,Low Risk,25265.740000,High Value,Loyal High-Value Customer
15775,0.695264,1,0.442809,High Risk,181.900000,Low Value,At-Risk Customer
15776,0.527853,1,0.442809,Medium Risk,116.960000,Low Value,Standard Customer
15777,0.451832,1,0.442809,Medium Risk,725.540000,Medium Value,Standard Customer
15780,0.425895,0,0.442809,Medium Risk,340.310000,Low Value,Standard Customer
15781,0.415896,0,0.442809,Medium Risk,257.680000,Low Value,Standard Customer
15785,0.197248,0,0.442809,Low Risk,810.020000,Medium Value,Standard Customer
15786,0.164084,0,0.442809,Low Risk,157.730000,Low Value,Standard Customer
15789,0.750568,1,0.442809,High Risk,0.000000,Low Value,At-Risk Customer
15791,0.438114,0,0.442809,Medium Risk,436.890000,Low Value,Standard Customer
15793,0.659483,1,0.442809,High Risk,116.730000,Low Value,At-Risk Customer
15795,0.489226,1,0.442809,Medium Risk,0.000000,Low Value,Standard Customer
15796,0.161873,0,0.442809,Low Risk,1035.870000,Medium Value,Standard Customer
15797,0.291350,0,0.442809,Low Risk,1274.660000,Medium Value,Standard Customer
15799,0.398912,0,0.442809,Medium Risk,53.960000,Low Value,Standard Customer
15800,0.325707,0,0.442809,Low Risk,245.510000,Low Value,Standard Customer
15801,0.467465,1,0.442809,Medium Risk,160.220000,Low Value,Standard Customer
15802,0.539838,1,0.442809,Medium Risk,0.000000,Low Value,Standard Customer
15804,0.117147,0,0.442809,Low Risk,987.070000,Medium Value,Standard Customer
15805,0.092371,0,0.442809,Low Risk,1635.650000,Medium Value,Standard Customer
15806,0.428021,0,0.442809,Medium Risk,175.700000,Low Value,Standard Customer
15808,0.369969,0,0.442809,Medium Risk,2230.460000,High Value,Standard Customer
15809,0.371852,0,0.442809,Medium Risk,276.920000,Low Value,Standard Customer
15810,0.230449,0,0.442809,Low Risk,571.680000,Medium Value,Standard Customer
15811,0.147850,0,0.442809,Low Risk,1033.800000,Medium Value,Standard Customer
15812,0.239378,0,0.442809,Low Risk,959.620000,Medium Value,Standard Customer
15813,0.517095,1,0.442809,Medium Risk,467.420000,Low Value,Standard Customer
15815,0.239221,0,0.442809,Low Risk,547.450000,Medium Value,Standard Customer
15819,0.231096,0,0.442809,Low Risk,430.010000,Low Value,Standard Customer
15820,0.713540,1,0.442809,High Risk,151.160000,Low Value,At-Risk Customer
15822,0.756551,1,0.442809,High Risk,154.010000,Low Value,At-Risk Customer
15823,0.740971,1,0.442809,High Risk,0.000000,Low Value,At-Risk Customer
15825,0.603905,1,0.442809,Medium Risk,86.460000,Low Value,Standard Customer
15826,0.524853,1,0.442809,Medium Risk,0.000000,Low Value,Standard Customer
15827,0.092332,0,0.442809,Low Risk,668.110000,Medium Value,Standard Customer
15829,0.378899,0,0.442809,Medium Risk,0.000000,Low Value,Standard Customer
15831,0.302684,0,0.442809,Low Risk,0.000000,Low Value,Standard Customer
15832,0.633539,1,0.442809,Medium Risk,0.000000,Low Value,Standard Customer
15834,0.153714,0,0.442809,Low Risk,898.240000,Medium Value,Standard Customer
15835,0.332149,0,0.442809,Low Risk,391.530000,Low Value,Standard Customer
15838,0.129392,0,0.442809,Low Risk,14245.320000,High Value,Loyal High-Value Customer
15839,0.504051,1,0.442809,Medium Risk,54.230000,Low Value,Standard Customer
15840,0.478186,1,0.442809,Medium Risk,130.660000,Low Value,Standard Customer
15841,0.423510,0,0.442809,Medium Risk,343.480000,Low Value,Standard Customer
15843,0.735000,1,0.442809,High Risk,220.360000,Low Value,At-Risk Customer
15845,0.139533,0,0.442809,Low Risk,1270.760000,Medium Value,Standard Customer
15847,0.699679,1,0.442809,High Risk,0.000000,Low Value,At-Risk Customer
15850,0.456553,1,0.442809,Medium Risk,20.860000,Low Value,Standard Customer
15852,0.587235,1,0.442809,Medium Risk,235.710000,Low Value,Standard Customer
15854,0.130979,0,0.442809,Low Risk,1684.790000,Medium Value,Standard Customer
15855,0.259420,0,0.442809,Low Risk,348.980000,Low Value,Standard Customer
15856,0.083669,0,0.442809,Low Risk,5456.570000,High Value,Loyal High-Value Customer
15858,0.393780,0,0.442809,Medium Risk,82.250000,Low Value,Standard Customer
15860,0.153587,0,0.442809,Low Risk,459.870000,Low Value,Standard Customer
15861,0.175864,0,0.442809,Low Risk,219.530000,Low Value,Standard Customer
15862,0.212256,0,0.442809,Low Risk,206.720000,Low Value,Standard Customer
15863,0.570423,1,0.442809,Medium Risk,216.750000,Low Value,Standard Customer
15864,0.261452,0,0.442809,Low Risk,491.910000,Low Value,Standard Customer
15865,0.602696,1,0.442809,Medium Risk,108.410000,Low Value,Standard Customer
15866,0.450068,1,0.442809,Medium Risk,99.930000,Low Value,Standard Customer
15867,0.091239,0,0.442809,Low Risk,1542.530000,Medium Value,Standard Customer
15869,0.672195,1,0.442809,High Risk,160.640000,Low Value,At-Risk Customer
15874,0.156409,0,0.442809,Low Risk,1234.620000,Medium Value,Standard Customer
15880,0.634964,1,0.442809,Medium Risk,193.230000,Low Value,Standard Customer
15881,0.455038,1,0.442809,Medium Risk,333.560000,Low Value,Standard Customer
15882,0.439910,0,0.442809,Medium Risk,348.880000,Low Value,Standard Customer
15885,0.362896,0,0.442809,Medium Risk,341.030000,Low Value,Standard Customer
15889,0.393590,0,0.442809,Medium Risk,227.010000,Low Value,Standard Customer
15891,0.542534,1,0.442809,Medium Risk,0.000000,Low Value,Standard Customer
15894,0.565839,1,0.442809,Medium Risk,208.090000,Low Value,Standard Customer
15895,0.578007,1,0.442809,Medium Risk,151.210000,Low Value,Standard Customer
15897,0.558771,1,0.442809,Medium Risk,124.000000,Low Value,Standard Customer
15898,0.277868,0,0.442809,Low Risk,631.320000,Medium Value,Standard Customer
15899,0.780525,1,0.442809,High Risk,220.180000,Low Value,At-Risk Customer
15901,0.478765,1,0.442809,Medium Risk,54.780000,Low Value,Standard Customer
15903,0.438633,0,0.442809,Medium Risk,148.780000,Low Value,Standard Customer
15906,0.228611,0,0.442809,Low Risk,551.070000,Medium Value,Standard Customer
15907,0.320860,0,0.442809,Low Risk,236.050000,Low Value,Standard Customer
15909,0.616988,1,0.442809,Medium Risk,156.290000,Low Value,Standard Customer
15910,0.158006,0,0.442809,Low Risk,207.430000,Low Value,Standard Customer
15912,0.522040,1,0.442809,Medium Risk,197.500000,Low Value,Standard Customer
15916,0.223860,0,0.442809,Low Risk,512.840000,Medium Value,Standard Customer
15917,0.682858,1,0.442809,High Risk,198.160000,Low Value,At-Risk Customer
15918,0.516618,1,0.442809,Medium Risk,249.790000,Low Value,Standard Customer
15919,0.652922,1,0.442809,High Risk,66.520000,Low Value,At-Risk Customer
15920,0.449257,1,0.442809,Medium Risk,173.000000,Low Value,Standard Customer
15921,0.591060,1,0.442809,Medium Risk,105.980000,Low Value,Standard Customer
15922,0.713184,1,0.442809,High Risk,323.920000,Low Value,At-Risk Customer
15923,0.723687,1,0.442809,High Risk,154.200000,Low Value,At-Risk Customer
15925,0.636056,1,0.442809,Medium Risk,160.390000,Low Value,Standard Customer
15932,0.131455,0,0.442809,Low Risk,648.580000,Medium Value,Standard Customer
15935,0.652339,1,0.442809,High Risk,346.880000,Low Value,At-Risk Customer
15938,0.355956,0,0.442809,Medium Risk,285.240000,Low Value,Standard Customer
15939,0.091642,0,0.442809,Low Risk,2329.080000,High Value,Loyal High-Value Customer
15940,0.706049,1,0.442809,High Risk,231.150000,Low Value,At-Risk Customer
15942,0.539925,1,0.442809,Medium Risk,61.060000,Low Value,Standard Customer
15944,0.736193,1,0.442809,High Risk,217.770000,Low Value,At-Risk Customer
15945,0.748460,1,0.442809,High Risk,221.970000,Low Value,At-Risk Customer
15950,0.318940,0,0.442809,Low Risk,424.960000,Low Value,Standard Customer
15951,0.708454,1,0.442809,High Risk,122.640000,Low Value,At-Risk Customer
15952,0.472484,1,0.442809,Medium Risk,254.040000,Low Value,Standard Customer
15953,0.307078,0,0.442809,Low Risk,477.670000,Low Value,Standard Customer
15955,0.125051,0,0.442809,Low Risk,1482.870000,Medium Value,Standard Customer
15965,0.702764,1,0.442809,High Risk,193.700000,Low Value,At-Risk Customer
15967,0.627838,1,0.442809,Medium Risk,183.370000,Low Value,Standard Customer
15969,0.574549,1,0.442809,Medium Risk,203.360000,Low Value,Standard Customer
15970,0.734052,1,0.442809,High Risk,170.390000,Low Value,At-Risk Customer
15971,0.175518,0,0.442809,Low Risk,1322.020000,Medium Value,Standard Customer
15973,0.614504,1,0.442809,Medium Risk,191.380000,Low Value,Standard Customer
15974,0.117866,0,0.442809,Low Risk,1256.190000,Medium Value,Standard Customer
15976,0.403886,0,0.442809,Medium Risk,172.450000,Low Value,Standard Customer
15980,0.640407,1,0.442809,Medium Risk,0.000000,Low Value,Standard Customer
15981,0.183448,0,0.442809,Low Risk,1314.470000,Medium Value,Standard Customer
15983,0.478534,1,0.442809,Medium Risk,484.720000,Low Value,Standard Customer
15984,0.121662,0,0.442809,Low Risk,922.930000,Medium Value,Standard Customer
15985,0.396917,0,0.442809,Medium Risk,293.970000,Low Value,Standard Customer
15987,0.170191,0,0.442809,Low Risk,135.900000,Low Value,Standard Customer
15990,0.676744,1,0.442809,High Risk,126.380000,Low Value,At-Risk Customer
15996,0.161483,0,0.442809,Low Risk,573.650000,Medium Value,Standard Customer
15998,0.129131,0,0.442809,Low Risk,631.960000,Medium Value,Standard Customer
16003,0.271413,0,0.442809,Low Risk,986.570000,Medium Value,Standard Customer
16005,0.403010,0,0.442809,Medium Risk,212.260000,Low Value,Standard Customer
16006,0.665915,1,0.442809,High Risk,164.180000,Low Value,At-Risk Customer
16007,0.254780,0,0.442809,Low Risk,90.750000,Low Value,Standard Customer
16008,0.618726,1,0.442809,Medium Risk,174.030000,Low Value,Standard Customer
16009,0.418129,0,0.442809,Medium Risk,59.800000,Low Value,Standard Customer
16010,0.503535,1,0.442809,Medium Risk,280.280000,Low Value,Standard Customer
16011,0.100585,0,0.442809,Low Risk,994.850000,Medium Value,Standard Customer
16012,0.350816,0,0.442809,Medium Risk,389.280000,Low Value,Standard Customer
16013,0.085350,0,0.442809,Low Risk,14125.570000,High Value,Loyal High-Value Customer
16014,0.276328,0,0.442809,Low Risk,234.370000,Low Value,Standard Customer
16016,0.217170,0,0.442809,Low Risk,521.950000,Medium Value,Standard Customer
16018,0.574286,1,0.442809,Medium Risk,186.990000,Low Value,Standard Customer
16019,0.137754,0,0.442809,Low Risk,1823.530000,Medium Value,Standard Customer
16022,0.623690,1,0.442809,Medium Risk,40.960000,Low Value,Standard Customer
16023,0.403100,0,0.442809,Medium Risk,269.810000,Low Value,Standard Customer
16027,0.274334,0,0.442809,Low Risk,23.020000,Low Value,Standard Customer
16029,0.084356,0,0.442809,Low Risk,20190.610000,High Value,Loyal High-Value Customer
16030,0.733724,1,0.442809,High Risk,40.900000,Low Value,At-Risk Customer
16031,0.299512,0,0.442809,Low Risk,116.880000,Low Value,Standard Customer
16033,0.085974,0,0.442809,Low Risk,3698.110000,High Value,Loyal High-Value Customer
16034,0.513120,1,0.442809,Medium Risk,306.140000,Low Value,Standard Customer
16036,0.680874,1,0.442809,High Risk,146.380000,Low Value,At-Risk Customer
16037,0.532547,1,0.442809,Medium Risk,469.290000,Low Value,Standard Customer
16038,0.403807,0,0.442809,Medium Risk,266.360000,Low Value,Standard Customer
16040,0.377251,0,0.442809,Medium Risk,285.280000,Low Value,Standard Customer
16041,0.379077,0,0.442809,Medium Risk,970.900000,Medium Value,Standard Customer
16042,0.290745,0,0.442809,Low Risk,264.400000,Low Value,Standard Customer
16043,0.430401,0,0.442809,Medium Risk,405.280000,Low Value,Standard Customer
16045,0.241811,0,0.442809,Low Risk,520.190000,Medium Value,Standard Customer
16048,0.646802,1,0.442809,Medium Risk,261.140000,Low Value,Standard Customer
16050,0.608653,1,0.442809,Medium Risk,22.000000,Low Value,Standard Customer
16053,0.320677,0,0.442809,Low Risk,0.000000,Low Value,Standard Customer
16054,0.467931,1,0.442809,Medium Risk,0.000000,Low Value,Standard Customer
16055,0.688209,1,0.442809,High Risk,212.200000,Low Value,At-Risk Customer
16057,0.139408,0,0.442809,Low Risk,911.350000,Medium Value,Standard Customer
16059,0.226685,0,0.442809,Low Risk,553.570000,Medium Value,Standard Customer
16061,0.743281,1,0.442809,High Risk,228.590000,Low Value,At-Risk Customer
16062,0.292943,0,0.442809,Low Risk,235.620000,Low Value,Standard Customer
16063,0.683845,1,0.442809,High Risk,52.390000,Low Value,At-Risk Customer
16065,0.699536,1,0.442809,High Risk,55.950000,Low Value,At-Risk Customer
16066,0.499500,1,0.442809,Medium Risk,96.890000,Low Value,Standard Customer
16072,0.741267,1,0.442809,High Risk,163.030000,Low Value,At-Risk Customer
16073,0.675577,1,0.442809,High Risk,239.510000,Low Value,At-Risk Customer
16076,0.160640,0,0.442809,Low Risk,514.350000,Medium Value,Standard Customer
16078,0.745145,1,0.442809,High Risk,227.390000,Low Value,At-Risk Customer
16080,0.632949,1,0.442809,Medium Risk,225.860000,Low Value,Standard Customer
16081,0.335450,0,0.442809,Low Risk,504.670000,Medium Value,Standard Customer
16083,0.402447,0,0.442809,Medium Risk,249.140000,Low Value,Standard Customer
16084,0.675980,1,0.442809,High Risk,87.310000,Low Value,At-Risk Customer
16085,0.491874,1,0.442809,Medium Risk,189.720000,Low Value,Standard Customer
16086,0.244871,0,0.442809,Low Risk,588.000000,Medium Value,Standard Customer
16091,0.504673,1,0.442809,Medium Risk,246.160000,Low Value,Standard Customer
16092,0.244894,0,0.442809,Low Risk,323.310000,Low Value,Standard Customer
16093,0.590855,1,0.442809,Medium Risk,191.960000,Low Value,Standard Customer
16094,0.495227,1,0.442809,Medium Risk,216.780000,Low Value,Standard Customer
16096,0.700208,1,0.442809,High Risk,136.370000,Low Value,At-Risk Customer
16097,0.685584,1,0.442809,High Risk,171.650000,Low Value,At-Risk Customer
16098,0.209902,0,0.442809,Low Risk,1224.510000,Medium Value,Standard Customer
16099,0.393675,0,0.442809,Medium Risk,242.300000,Low Value,Standard Customer
16102,0.293897,0,0.442809,Low Risk,376.410000,Low Value,Standard Customer
16103,0.305816,0,0.442809,Low Risk,777.500000,Medium Value,Standard Customer
16105,0.689147,1,0.442809,High Risk,10.290000,Low Value,At-Risk Customer
16107,0.304970,0,0.442809,Low Risk,866.060000,Medium Value,Standard Customer
16109,0.585571,1,0.442809,Medium Risk,94.990000,Low Value,Standard Customer
16110,0.289565,0,0.442809,Low Risk,209.270000,Low Value,Standard Customer
16112,0.391727,0,0.442809,Medium Risk,0.000000,Low Value,Standard Customer
16113,0.578378,1,0.442809,Medium Risk,82.030000,Low Value,Standard Customer
16114,0.617954,1,0.442809,Medium Risk,189.570000,Low Value,Standard Customer
16115,0.155759,0,0.442809,Low Risk,387.560000,Low Value,Standard Customer
16116,0.509114,1,0.442809,Medium Risk,329.320000,Low Value,Standard Customer
16117,0.585406,1,0.442809,Medium Risk,121.200000,Low Value,Standard Customer
16121,0.505205,1,0.442809,Medium Risk,97.580000,Low Value,Standard Customer
16122,0.298933,0,0.442809,Low Risk,0.000000,Low Value,Standard Customer
16124,0.706122,1,0.442809,High Risk,284.350000,Low Value,At-Risk Customer
16125,0.720501,1,0.442809,High Risk,171.180000,Low Value,At-Risk Customer
16126,0.250097,0,0.442809,Low Risk,2014.990000,High Value,Loyal High-Value Customer
16128,0.396645,0,0.442809,Medium Risk,291.200000,Low Value,Standard Customer
16131,0.220784,0,0.442809,Low Risk,1038.700000,Medium Value,Standard Customer
16133,0.083471,0,0.442809,Low Risk,5586.320000,High Value,Loyal High-Value Customer
16134,0.678659,1,0.442809,High Risk,258.790000,Low Value,At-Risk Customer
16135,0.711413,1,0.442809,High Risk,106.320000,Low Value,At-Risk Customer
16136,0.686558,1,0.442809,High Risk,191.850000,Low Value,At-Risk Customer
16138,0.771439,1,0.442809,High Risk,245.810000,Low Value,At-Risk Customer
16139,0.413554,0,0.442809,Medium Risk,236.410000,Low Value,Standard Customer
16140,0.712826,1,0.442809,High Risk,177.590000,Low Value,At-Risk Customer
16142,0.649617,1,0.442809,Medium Risk,0.000000,Low Value,Standard Customer
16143,0.170840,0,0.442809,Low Risk,1243.230000,Medium Value,Standard Customer
16144,0.719181,1,0.442809,High Risk,229.230000,Low Value,At-Risk Customer
16145,0.091371,0,0.442809,Low Risk,745.120000,Medium Value,Standard Customer
16146,0.405836,0,0.442809,Medium Risk,374.660000,Low Value,Standard Customer
16147,0.483975,1,0.442809,Medium Risk,47.820000,Low Value,Standard Customer
16148,0.753055,1,0.442809,High Risk,189.480000,Low Value,At-Risk Customer
16149,0.536099,1,0.442809,Medium Risk,96.420000,Low Value,Standard Customer
16150,0.170047,0,0.442809,Low Risk,662.670000,Medium Value,Standard Customer
16152,0.709038,1,0.442809,High Risk,0.000000,Low Value,At-Risk Customer
16153,0.265067,0,0.442809,Low Risk,544.180000,Medium Value,Standard Customer
16156,0.158774,0,0.442809,Low Risk,807.130000,Medium Value,Standard Customer
16159,0.713634,1,0.442809,High Risk,82.210000,Low Value,At-Risk Customer
16161,0.090060,0,0.442809,Low Risk,1568.270000,Medium Value,Standard Customer
16162,0.704178,1,0.442809,High Risk,226.950000,Low Value,At-Risk Customer
16163,0.631235,1,0.442809,Medium Risk,429.890000,Low Value,Standard Customer
16168,0.092885,0,0.442809,Low Risk,1416.760000,Medium Value,Standard Customer
16170,0.150269,0,0.442809,Low Risk,344.690000,Low Value,Standard Customer
16172,0.206650,0,0.442809,Low Risk,483.950000,Low Value,Standard Customer
16173,0.279601,0,0.442809,Low Risk,408.840000,Low Value,Standard Customer
16174,0.432681,0,0.442809,Medium Risk,413.540000,Low Value,Standard Customer
16175,0.310111,0,0.442809,Low Risk,553.870000,Medium Value,Standard Customer
16178,0.572944,1,0.442809,Medium Risk,153.340000,Low Value,Standard Customer
16180,0.093596,0,0.442809,Low Risk,5382.890000,High Value,Loyal High-Value Customer
16182,0.261478,0,0.442809,Low Risk,1642.230000,Medium Value,Standard Customer
16184,0.213036,0,0.442809,Low Risk,612.530000,Medium Value,Standard Customer
16185,0.652847,1,0.442809,High Risk,128.420000,Low Value,At-Risk Customer
16186,0.108761,0,0.442809,Low Risk,902.640000,Medium Value,Standard Customer
16187,0.090668,0,0.442809,Low Risk,2242.130000,High Value,Loyal High-Value Customer
16188,0.270247,0,0.442809,Low Risk,212.870000,Low Value,Standard Customer
16191,0.135305,0,0.442809,Low Risk,1275.560000,Medium Value,Standard Customer
16193,0.662836,1,0.442809,High Risk,80.620000,Low Value,At-Risk Customer
16200,0.424872,0,0.442809,Medium Risk,48.930000,Low Value,Standard Customer
16201,0.452045,1,0.442809,Medium Risk,67.730000,Low Value,Standard Customer
16202,0.760845,1,0.442809,High Risk,124.670000,Low Value,At-Risk Customer
16203,0.349909,0,0.442809,Low Risk,322.120000,Low Value,Standard Customer
16205,0.514891,1,0.442809,Medium Risk,159.290000,Low Value,Standard Customer
16206,0.283683,0,0.442809,Low Risk,279.030000,Low Value,Standard Customer
16208,0.618598,1,0.442809,Medium Risk,69.900000,Low Value,Standard Customer
16209,0.233497,0,0.442809,Low Risk,1019.490000,Medium Value,Standard Customer
16210,0.098035,0,0.442809,Low Risk,7506.460000,High Value,Loyal High-Value Customer
16212,0.601370,1,0.442809,Medium Risk,356.030000,Low Value,Standard Customer
16214,0.393848,0,0.442809,Medium Risk,608.900000,Medium Value,Standard Customer
16216,0.703276,1,0.442809,High Risk,94.150000,Low Value,At-Risk Customer
16217,0.564368,1,0.442809,Medium Risk,305.690000,Low Value,Standard Customer
16218,0.138942,0,0.442809,Low Risk,1147.310000,Medium Value,Standard Customer
16221,0.598947,1,0.442809,Medium Risk,174.890000,Low Value,Standard Customer
16222,0.632398,1,0.442809,Medium Risk,0.000000,Low Value,Standard Customer
16224,0.248244,0,0.442809,Low Risk,174.100000,Low Value,Standard Customer
16225,0.207209,0,0.442809,Low Risk,504.330000,Medium Value,Standard Customer
16226,0.554509,1,0.442809,Medium Risk,221.500000,Low Value,Standard Customer
16227,0.656111,1,0.442809,High Risk,307.230000,Low Value,At-Risk Customer
16229,0.643178,1,0.442809,Medium Risk,175.900000,Low Value,Standard Customer
16230,0.490028,1,0.442809,Medium Risk,215.720000,Low Value,Standard Customer
16232,0.369944,0,0.442809,Medium Risk,360.530000,Low Value,Standard Customer
16233,0.547538,1,0.442809,Medium Risk,283.050000,Low Value,Standard Customer
16235,0.328364,0,0.442809,Low Risk,475.240000,Low Value,Standard Customer
16239,0.513271,1,0.442809,Medium Risk,231.350000,Low Value,Standard Customer
16241,0.091927,0,0.442809,Low Risk,801.530000,Medium Value,Standard Customer
16242,0.270157,0,0.442809,Low Risk,510.140000,Medium Value,Standard Customer
16244,0.416309,0,0.442809,Medium Risk,373.380000,Low Value,Standard Customer
16245,0.292732,0,0.442809,Low Risk,370.060000,Low Value,Standard Customer
16247,0.560231,1,0.442809,Medium Risk,83.040000,Low Value,Standard Customer
16249,0.227125,0,0.442809,Low Risk,712.460000,Medium Value,Standard Customer
16250,0.647969,1,0.442809,Medium Risk,261.250000,Low Value,Standard Customer
16252,0.787057,1,0.442809,High Risk,318.300000,Low Value,At-Risk Customer
16253,0.481261,1,0.442809,Medium Risk,0.000000,Low Value,Standard Customer
16255,0.111410,0,0.442809,Low Risk,920.120000,Medium Value,Standard Customer
16256,0.534076,1,0.442809,Medium Risk,197.020000,Low Value,Standard Customer
16257,0.598496,1,0.442809,Medium Risk,217.250000,Low Value,Standard Customer
16258,0.188611,0,0.442809,Low Risk,1402.120000,Medium Value,Standard Customer
16261,0.322221,0,0.442809,Low Risk,227.270000,Low Value,Standard Customer
16262,0.770582,1,0.442809,High Risk,243.940000,Low Value,At-Risk Customer
16265,0.106756,0,0.442809,Low Risk,2370.920000,High Value,Loyal High-Value Customer
16266,0.208971,0,0.442809,Low Risk,490.910000,Low Value,Standard Customer
16270,0.692882,1,0.442809,High Risk,0.000000,Low Value,At-Risk Customer
16271,0.218071,0,0.442809,Low Risk,325.780000,Low Value,Standard Customer
16272,0.459114,1,0.442809,Medium Risk,61.320000,Low Value,Standard Customer
16274,0.740937,1,0.442809,High Risk,115.470000,Low Value,At-Risk Customer
16275,0.569534,1,0.442809,Medium Risk,0.000000,Low Value,Standard Customer
16276,0.620083,1,0.442809,Medium Risk,0.000000,Low Value,Standard Customer
16278,0.360527,0,0.442809,Medium Risk,393.530000,Low Value,Standard Customer
16279,0.502822,1,0.442809,Medium Risk,265.340000,Low Value,Standard Customer
16282,0.737184,1,0.442809,High Risk,165.860000,Low Value,At-Risk Customer
16283,0.248378,0,0.442809,Low Risk,251.760000,Low Value,Standard Customer
16287,0.607338,1,0.442809,Medium Risk,9.140000,Low Value,Standard Customer
16292,0.439550,0,0.442809,Medium Risk,196.470000,Low Value,Standard Customer
16293,0.161895,0,0.442809,Low Risk,858.630000,Medium Value,Standard Customer
16297,0.517615,1,0.442809,Medium Risk,235.580000,Low Value,Standard Customer
16298,0.572766,1,0.442809,Medium Risk,186.190000,Low Value,Standard Customer
16302,0.444247,1,0.442809,Medium Risk,200.040000,Low Value,Standard Customer
16303,0.172270,0,0.442809,Low Risk,1515.330000,Medium Value,Standard Customer
16305,0.497250,1,0.442809,Medium Risk,40.420000,Low Value,Standard Customer
16306,0.312381,0,0.442809,Low Risk,255.010000,Low Value,Standard Customer
16308,0.225673,0,0.442809,Low Risk,0.000000,Low Value,Standard Customer
16309,0.332801,0,0.442809,Low Risk,293.220000,Low Value,Standard Customer
16315,0.723844,1,0.442809,High Risk,194.350000,Low Value,At-Risk Customer
16316,0.108997,0,0.442809,Low Risk,1024.110000,Medium Value,Standard Customer
16317,0.299954,0,0.442809,Low Risk,445.190000,Low Value,Standard Customer
16319,0.691798,1,0.442809,High Risk,201.600000,Low Value,At-Risk Customer
16320,0.433579,0,0.442809,Medium Risk,210.190000,Low Value,Standard Customer
16321,0.529938,1,0.442809,Medium Risk,265.380000,Low Value,Standard Customer
16323,0.665251,1,0.442809,High Risk,199.870000,Low Value,At-Risk Customer
16324,0.241149,0,0.442809,Low Risk,196.210000,Low Value,Standard Customer
16325,0.442815,1,0.442809,Medium Risk,351.010000,Low Value,Standard Customer
16326,0.136664,0,0.442809,Low Risk,1166.960000,Medium Value,Standard Customer
16327,0.197435,0,0.442809,Low Risk,881.170000,Medium Value,Standard Customer
16330,0.340139,0,0.442809,Low Risk,165.130000,Low Value,Standard Customer
16332,0.303340,0,0.442809,Low Risk,414.130000,Low Value,Standard Customer
16333,0.092001,0,0.442809,Low Risk,0.000000,Low Value,Standard Customer
16338,0.570654,1,0.442809,Medium Risk,155.290000,Low Value,Standard Customer
16339,0.707174,1,0.442809,High Risk,212.440000,Low Value,At-Risk Customer
16340,0.362809,0,0.442809,Medium Risk,0.000000,Low Value,Standard Customer
16341,0.413699,0,0.442809,Medium Risk,242.100000,Low Value,Standard Customer
16342,0.386201,0,0.442809,Medium Risk,257.130000,Low Value,Standard Customer
16344,0.615205,1,0.442809,Medium Risk,208.180000,Low Value,Standard Customer
16348,0.183166,0,0.442809,Low Risk,379.800000,Low Value,Standard Customer
16349,0.733353,1,0.442809,High Risk,225.110000,Low Value,At-Risk Customer
16350,0.668516,1,0.442809,High Risk,266.360000,Low Value,At-Risk Customer
16351,0.753439,1,0.442809,High Risk,183.000000,Low Value,At-Risk Customer
16353,0.100152,0,0.442809,Low Risk,2355.410000,High Value,Loyal High-Value Customer
16356,0.502971,1,0.442809,Medium Risk,244.680000,Low Value,Standard Customer
16357,0.490771,1,0.442809,Medium Risk,291.180000,Low Value,Standard Customer
16358,0.474206,1,0.442809,Medium Risk,279.440000,Low Value,Standard Customer
16359,0.126979,0,0.442809,Low Risk,440.480000,Low Value,Standard Customer
16362,0.271969,0,0.442809,Low Risk,261.480000,Low Value,Standard Customer
16364,0.479237,1,0.442809,Medium Risk,134.440000,Low Value,Standard Customer
16365,0.191028,0,0.442809,Low Risk,602.230000,Medium Value,Standard Customer
16367,0.725158,1,0.442809,High Risk,168.670000,Low Value,At-Risk Customer
16369,0.601012,1,0.442809,Medium Risk,94.870000,Low Value,Standard Customer
16370,0.197082,0,0.442809,Low Risk,372.150000,Low Value,Standard Customer
16374,0.619818,1,0.442809,Medium Risk,185.040000,Low Value,Standard Customer
16377,0.680622,1,0.442809,High Risk,0.000000,Low Value,At-Risk Customer
16378,0.582544,1,0.442809,Medium Risk,239.760000,Low Value,Standard Customer
16383,0.578650,1,0.442809,Medium Risk,6.400000,Low Value,Standard Customer
16384,0.672909,1,0.442809,High Risk,101.890000,Low Value,At-Risk Customer
16385,0.421284,0,0.442809,Medium Risk,207.970000,Low Value,Standard Customer
16386,0.691165,1,0.442809,High Risk,211.810000,Low Value,At-Risk Customer
16387,0.741715,1,0.442809,High Risk,212.470000,Low Value,At-Risk Customer
16389,0.502047,1,0.442809,Medium Risk,343.230000,Low Value,Standard Customer
16392,0.630921,1,0.442809,Medium Risk,72.420000,Low Value,Standard Customer
16393,0.101492,0,0.442809,Low Risk,842.950000,Medium Value,Standard Customer
16394,0.239583,0,0.442809,Low Risk,0.000000,Low Value,Standard Customer
16395,0.279155,0,0.442809,Low Risk,161.930000,Low Value,Standard Customer
16398,0.265673,0,0.442809,Low Risk,859.630000,Medium Value,Standard Customer
16399,0.579426,1,0.442809,Medium Risk,102.770000,Low Value,Standard Customer
16400,0.460139,1,0.442809,Medium Risk,83.840000,Low Value,Standard Customer
16401,0.096133,0,0.442809,Low Risk,604.460000,Medium Value,Standard Customer
16402,0.590755,1,0.442809,Medium Risk,227.620000,Low Value,Standard Customer
16403,0.682652,1,0.442809,High Risk,224.310000,Low Value,At-Risk Customer
16405,0.688877,1,0.442809,High Risk,173.860000,Low Value,At-Risk Customer
16407,0.137348,0,0.442809,Low Risk,850.760000,Medium Value,Standard Customer
16409,0.264017,0,0.442809,Low Risk,351.700000,Low Value,Standard Customer
16411,0.706268,1,0.442809,High Risk,192.530000,Low Value,At-Risk Customer
16414,0.697420,1,0.442809,High Risk,223.090000,Low Value,At-Risk Customer
16418,0.315407,0,0.442809,Low Risk,229.920000,Low Value,Standard Customer
16419,0.223664,0,0.442809,Low Risk,607.890000,Medium Value,Standard Customer
16422,0.084503,0,0.442809,Low Risk,8783.170000,High Value,Loyal High-Value Customer
16424,0.618219,1,0.442809,Medium Risk,181.480000,Low Value,Standard Customer
16425,0.700232,1,0.442809,High Risk,102.610000,Low Value,At-Risk Customer
16426,0.219244,0,0.442809,Low Risk,346.540000,Low Value,Standard Customer
16427,0.635154,1,0.442809,Medium Risk,226.730000,Low Value,Standard Customer
16429,0.506405,1,0.442809,Medium Risk,220.210000,Low Value,Standard Customer
16431,0.434287,0,0.442809,Medium Risk,279.980000,Low Value,Standard Customer
16434,0.229142,0,0.442809,Low Risk,506.970000,Medium Value,Standard Customer
16440,0.531976,1,0.442809,Medium Risk,135.010000,Low Value,Standard Customer
16441,0.684058,1,0.442809,High Risk,163.640000,Low Value,At-Risk Customer
16442,0.421426,0,0.442809,Medium Risk,118.340000,Low Value,Standard Customer
16444,0.224673,0,0.442809,Low Risk,275.540000,Low Value,Standard Customer
16446,0.599985,1,0.442809,Medium Risk,218.290000,Low Value,Standard Customer
16447,0.454762,1,0.442809,Medium Risk,45.800000,Low Value,Standard Customer
16448,0.622499,1,0.442809,Medium Risk,164.690000,Low Value,Standard Customer
16449,0.394259,0,0.442809,Medium Risk,374.500000,Low Value,Standard Customer
16450,0.548199,1,0.442809,Medium Risk,86.590000,Low Value,Standard Customer
16454,0.622223,1,0.442809,Medium Risk,225.240000,Low Value,Standard Customer
16455,0.171208,0,0.442809,Low Risk,684.910000,Medium Value,Standard Customer
16456,0.220877,0,0.442809,Low Risk,1064.550000,Medium Value,Standard Customer
16457,0.670487,1,0.442809,High Risk,133.270000,Low Value,At-Risk Customer
16458,0.112574,0,0.442809,Low Risk,1039.870000,Medium Value,Standard Customer
16461,0.518307,1,0.442809,Medium Risk,169.560000,Low Value,Standard Customer
16462,0.525735,1,0.442809,Medium Risk,228.850000,Low Value,Standard Customer
16463,0.529648,1,0.442809,Medium Risk,232.990000,Low Value,Standard Customer
16464,0.352972,0,0.442809,Medium Risk,0.000000,Low Value,Standard Customer
16466,0.194443,0,0.442809,Low Risk,537.110000,Medium Value,Standard Customer
16469,0.504978,1,0.442809,Medium Risk,239.340000,Low Value,Standard Customer
16470,0.210733,0,0.442809,Low Risk,251.870000,Low Value,Standard Customer
16471,0.679675,1,0.442809,High Risk,139.400000,Low Value,At-Risk Customer
16473,0.443411,1,0.442809,Medium Risk,251.170000,Low Value,Standard Customer
16474,0.290775,0,0.442809,Low Risk,166.070000,Low Value,Standard Customer
16475,0.349762,0,0.442809,Low Risk,256.280000,Low Value,Standard Customer
16477,0.154324,0,0.442809,Low Risk,1000.770000,Medium Value,Standard Customer
16483,0.607078,1,0.442809,Medium Risk,183.930000,Low Value,Standard Customer
16484,0.443964,1,0.442809,Medium Risk,289.370000,Low Value,Standard Customer
16488,0.300454,0,0.442809,Low Risk,0.000000,Low Value,Standard Customer
16493,0.250328,0,0.442809,Low Risk,260.580000,Low Value,Standard Customer
16494,0.664710,1,0.442809,High Risk,0.000000,Low Value,At-Risk Customer
16495,0.555147,1,0.442809,Medium Risk,205.830000,Low Value,Standard Customer
16496,0.327063,0,0.442809,Low Risk,401.550000,Low Value,Standard Customer
16497,0.217128,0,0.442809,Low Risk,821.720000,Medium Value,Standard Customer
16498,0.500889,1,0.442809,Medium Risk,193.310000,Low Value,Standard Customer
16499,0.585800,1,0.442809,Medium Risk,330.130000,Low Value,Standard Customer
16500,0.708313,1,0.442809,High Risk,252.180000,Low Value,At-Risk Customer
16503,0.230645,0,0.442809,Low Risk,863.690000,Medium Value,Standard Customer
16509,0.745309,1,0.442809,High Risk,208.530000,Low Value,At-Risk Customer
16510,0.734613,1,0.442809,High Risk,191.370000,Low Value,At-Risk Customer
16511,0.325104,0,0.442809,Low Risk,255.030000,Low Value,Standard Customer
16515,0.206347,0,0.442809,Low Risk,580.930000,Medium Value,Standard Customer
16517,0.683482,1,0.442809,High Risk,163.770000,Low Value,At-Risk Customer
16518,0.661498,1,0.442809,High Risk,219.660000,Low Value,At-Risk Customer
16519,0.768386,1,0.442809,High Risk,233.330000,Low Value,At-Risk Customer
16520,0.227523,0,0.442809,Low Risk,484.400000,Low Value,Standard Customer
16523,0.091354,0,0.442809,Low Risk,3237.430000,High Value,Loyal High-Value Customer
16525,0.085712,0,0.442809,Low Risk,5374.580000,High Value,Loyal High-Value Customer
16526,0.580793,1,0.442809,Medium Risk,151.820000,Low Value,Standard Customer
16529,0.593482,1,0.442809,Medium Risk,90.690000,Low Value,Standard Customer
16531,0.250089,0,0.442809,Low Risk,257.400000,Low Value,Standard Customer
16532,0.473970,1,0.442809,Medium Risk,1612.240000,Medium Value,Standard Customer
16536,0.378000,0,0.442809,Medium Risk,269.410000,Low Value,Standard Customer
16539,0.398602,0,0.442809,Medium Risk,610.880000,Medium Value,Standard Customer
16545,0.595883,1,0.442809,Medium Risk,183.900000,Low Value,Standard Customer
16546,0.602854,1,0.442809,Medium Risk,315.260000,Low Value,Standard Customer
16549,0.230199,0,0.442809,Low Risk,153.190000,Low Value,Standard Customer
16550,0.142658,0,0.442809,Low Risk,933.960000,Medium Value,Standard Customer
16551,0.372946,0,0.442809,Medium Risk,114.440000,Low Value,Standard Customer
16552,0.624774,1,0.442809,Medium Risk,249.020000,Low Value,Standard Customer
16553,0.164667,0,0.442809,Low Risk,2109.160000,High Value,Loyal High-Value Customer
16554,0.379158,0,0.442809,Medium Risk,237.040000,Low Value,Standard Customer
16555,0.496820,1,0.442809,Medium Risk,147.210000,Low Value,Standard Customer
16556,0.140432,0,0.442809,Low Risk,1299.780000,Medium Value,Standard Customer
16557,0.494847,1,0.442809,Medium Risk,204.510000,Low Value,Standard Customer
16558,0.085259,0,0.442809,Low Risk,1951.240000,Medium Value,Standard Customer
16560,0.729086,1,0.442809,High Risk,132.130000,Low Value,At-Risk Customer
16565,0.746254,1,0.442809,High Risk,224.700000,Low Value,At-Risk Customer
16566,0.371657,0,0.442809,Medium Risk,362.950000,Low Value,Standard Customer
16567,0.388833,0,0.442809,Medium Risk,0.000000,Low Value,Standard Customer
16570,0.117728,0,0.442809,Low Risk,913.710000,Medium Value,Standard Customer
16571,0.271591,0,0.442809,Low Risk,138.370000,Low Value,Standard Customer
16572,0.299967,0,0.442809,Low Risk,534.970000,Medium Value,Standard Customer
16573,0.651133,1,0.442809,High Risk,281.850000,Low Value,At-Risk Customer
16579,0.780543,1,0.442809,High Risk,251.340000,Low Value,At-Risk Customer
16581,0.559627,1,0.442809,Medium Risk,138.390000,Low Value,Standard Customer
16582,0.519334,1,0.442809,Medium Risk,110.400000,Low Value,Standard Customer
16583,0.711754,1,0.442809,High Risk,176.110000,Low Value,At-Risk Customer
16584,0.538045,1,0.442809,Medium Risk,182.660000,Low Value,Standard Customer
16586,0.727018,1,0.442809,High Risk,190.930000,Low Value,At-Risk Customer
16587,0.659142,1,0.442809,High Risk,182.570000,Low Value,At-Risk Customer
16589,0.379252,0,0.442809,Medium Risk,183.740000,Low Value,Standard Customer
16592,0.099987,0,0.442809,Low Risk,736.840000,Medium Value,Standard Customer
16593,0.520017,1,0.442809,Medium Risk,264.260000,Low Value,Standard Customer
16596,0.714077,1,0.442809,High Risk,217.730000,Low Value,At-Risk Customer
16598,0.690109,1,0.442809,High Risk,232.640000,Low Value,At-Risk Customer
16600,0.593163,1,0.442809,Medium Risk,64.980000,Low Value,Standard Customer
16603,0.364449,0,0.442809,Medium Risk,0.000000,Low Value,Standard Customer
16607,0.099578,0,0.442809,Low Risk,333.740000,Low Value,Standard Customer
16609,0.151200,0,0.442809,Low Risk,1510.420000,Medium Value,Standard Customer
16610,0.680187,1,0.442809,High Risk,177.720000,Low Value,At-Risk Customer
16611,0.615268,1,0.442809,Medium Risk,224.470000,Low Value,Standard Customer
16612,0.284626,0,0.442809,Low Risk,476.960000,Low Value,Standard Customer
16614,0.591291,1,0.442809,Medium Risk,79.060000,Low Value,Standard Customer
16616,0.547258,1,0.442809,Medium Risk,143.570000,Low Value,Standard Customer
16617,0.694888,1,0.442809,High Risk,169.330000,Low Value,At-Risk Customer
16618,0.251597,0,0.442809,Low Risk,758.590000,Medium Value,Standard Customer
16619,0.650082,1,0.442809,High Risk,219.360000,Low Value,At-Risk Customer
16620,0.693170,1,0.442809,High Risk,199.270000,Low Value,At-Risk Customer
16621,0.395960,0,0.442809,Medium Risk,461.120000,Low Value,Standard Customer
16623,0.701015,1,0.442809,High Risk,205.980000,Low Value,At-Risk Customer
16624,0.603619,1,0.442809,Medium Risk,98.150000,Low Value,Standard Customer
16625,0.707135,1,0.442809,High Risk,123.890000,Low Value,At-Risk Customer
16626,0.133190,0,0.442809,Low Risk,1198.080000,Medium Value,Standard Customer
16628,0.195826,0,0.442809,Low Risk,837.890000,Medium Value,Standard Customer
16629,0.387202,0,0.442809,Medium Risk,33.470000,Low Value,Standard Customer
16633,0.280749,0,0.442809,Low Risk,633.350000,Medium Value,Standard Customer
16634,0.645507,1,0.442809,Medium Risk,259.280000,Low Value,Standard Customer
16637,0.362640,0,0.442809,Medium Risk,211.310000,Low Value,Standard Customer
16638,0.110087,0,0.442809,Low Risk,554.890000,Medium Value,Standard Customer
16639,0.531318,1,0.442809,Medium Risk,335.230000,Low Value,Standard Customer
16641,0.491903,1,0.442809,Medium Risk,32.800000,Low Value,Standard Customer
16642,0.535439,1,0.442809,Medium Risk,263.280000,Low Value,Standard Customer
16643,0.674395,1,0.442809,High Risk,54.010000,Low Value,At-Risk Customer
16644,0.384304,0,0.442809,Medium Risk,25.710000,Low Value,Standard Customer
16647,0.564411,1,0.442809,Medium Risk,201.120000,Low Value,Standard Customer
16652,0.136315,0,0.442809,Low Risk,2589.380000,High Value,Loyal High-Value Customer
16654,0.283510,0,0.442809,Low Risk,409.260000,Low Value,Standard Customer
16655,0.190683,0,0.442809,Low Risk,673.490000,Medium Value,Standard Customer
16656,0.090402,0,0.442809,Low Risk,1715.050000,Medium Value,Standard Customer
16657,0.271943,0,0.442809,Low Risk,0.000000,Low Value,Standard Customer
16658,0.747729,1,0.442809,High Risk,221.640000,Low Value,At-Risk Customer
16659,0.652092,1,0.442809,High Risk,169.020000,Low Value,At-Risk Customer
16660,0.530499,1,0.442809,Medium Risk,249.650000,Low Value,Standard Customer
16665,0.744337,1,0.442809,High Risk,207.410000,Low Value,At-Risk Customer
16667,0.679145,1,0.442809,High Risk,178.490000,Low Value,At-Risk Customer
16668,0.289358,0,0.442809,Low Risk,159.910000,Low Value,Standard Customer
16670,0.096469,0,0.442809,Low Risk,1386.230000,Medium Value,Standard Customer
16671,0.518586,1,0.442809,Medium Risk,0.000000,Low Value,Standard Customer
16672,0.089162,0,0.442809,Low Risk,4830.640000,High Value,Loyal High-Value Customer
16674,0.386998,0,0.442809,Medium Risk,143.400000,Low Value,Standard Customer
16676,0.320958,0,0.442809,Low Risk,672.050000,Medium Value,Standard Customer
16678,0.117749,0,0.442809,Low Risk,800.910000,Medium Value,Standard Customer
16679,0.748816,1,0.442809,High Risk,233.580000,Low Value,At-Risk Customer
16681,0.292261,0,0.442809,Low Risk,453.280000,Low Value,Standard Customer
16682,0.291455,0,0.442809,Low Risk,190.050000,Low Value,Standard Customer
16684,0.084966,0,0.442809,Low Risk,15709.130000,High Value,Loyal High-Value Customer
16686,0.092929,0,0.442809,Low Risk,865.500000,Medium Value,Standard Customer
16690,0.621759,1,0.442809,Medium Risk,190.740000,Low Value,Standard Customer
16692,0.704545,1,0.442809,High Risk,809.220000,Medium Value,At-Risk Customer
16693,0.646992,1,0.442809,Medium Risk,191.190000,Low Value,Standard Customer
16696,0.418708,0,0.442809,Medium Risk,562.740000,Medium Value,Standard Customer
16697,0.667779,1,0.442809,High Risk,200.590000,Low Value,At-Risk Customer
16698,0.639337,1,0.442809,Medium Risk,716.860000,Medium Value,Standard Customer
16700,0.089967,0,0.442809,Low Risk,1455.270000,Medium Value,Standard Customer
16701,0.091218,0,0.442809,Low Risk,161.320000,Low Value,Standard Customer
16705,0.088360,0,0.442809,Low Risk,6537.910000,High Value,Loyal High-Value Customer
16706,0.256602,0,0.442809,Low Risk,179.810000,Low Value,Standard Customer
16709,0.296811,0,0.442809,Low Risk,1333.980000,Medium Value,Standard Customer
16710,0.112841,0,0.442809,Low Risk,583.960000,Medium Value,Standard Customer
16711,0.351382,0,0.442809,Medium Risk,634.490000,Medium Value,Standard Customer
16712,0.110434,0,0.442809,Low Risk,1388.520000,Medium Value,Standard Customer
16713,0.086807,0,0.442809,Low Risk,2010.590000,High Value,Loyal High-Value Customer
16714,0.333593,0,0.442809,Low Risk,394.690000,Low Value,Standard Customer
16716,0.664962,1,0.442809,High Risk,386.490000,Low Value,At-Risk Customer
16717,0.170561,0,0.442809,Low Risk,584.950000,Medium Value,Standard Customer
16718,0.740636,1,0.442809,High Risk,0.000000,Low Value,At-Risk Customer
16719,0.165786,0,0.442809,Low Risk,630.900000,Medium Value,Standard Customer
16721,0.644546,1,0.442809,Medium Risk,102.110000,Low Value,Standard Customer
16722,0.092620,0,0.442809,Low Risk,748.890000,Medium Value,Standard Customer
16723,0.338556,0,0.442809,Low Risk,198.590000,Low Value,Standard Customer
16725,0.304893,0,0.442809,Low Risk,507.220000,Medium Value,Standard Customer
16726,0.263455,0,0.442809,Low Risk,350.990000,Low Value,Standard Customer
16727,0.717470,1,0.442809,High Risk,109.790000,Low Value,At-Risk Customer
16728,0.242756,0,0.442809,Low Risk,251.070000,Low Value,Standard Customer
16729,0.085113,0,0.442809,Low Risk,1984.710000,Medium Value,Standard Customer
16730,0.477518,1,0.442809,Medium Risk,8.660000,Low Value,Standard Customer
16734,0.383669,0,0.442809,Medium Risk,258.210000,Low Value,Standard Customer
16735,0.148757,0,0.442809,Low Risk,806.180000,Medium Value,Standard Customer
16738,0.731604,1,0.442809,High Risk,232.810000,Low Value,At-Risk Customer
16739,0.528168,1,0.442809,Medium Risk,239.140000,Low Value,Standard Customer
16743,0.132544,0,0.442809,Low Risk,506.220000,Medium Value,Standard Customer
16744,0.238860,0,0.442809,Low Risk,220.600000,Low Value,Standard Customer
16745,0.085338,0,0.442809,Low Risk,1871.580000,Medium Value,Standard Customer
16746,0.089493,0,0.442809,Low Risk,2236.590000,High Value,Loyal High-Value Customer
16748,0.398540,0,0.442809,Medium Risk,463.130000,Low Value,Standard Customer
16750,0.303015,0,0.442809,Low Risk,332.280000,Low Value,Standard Customer
16752,0.728303,1,0.442809,High Risk,218.240000,Low Value,At-Risk Customer
16754,0.723208,1,0.442809,High Risk,0.000000,Low Value,At-Risk Customer
16755,0.177186,0,0.442809,Low Risk,520.500000,Medium Value,Standard Customer
16756,0.629526,1,0.442809,Medium Risk,156.070000,Low Value,Standard Customer
16757,0.744666,1,0.442809,High Risk,184.240000,Low Value,At-Risk Customer
16761,0.498554,1,0.442809,Medium Risk,0.000000,Low Value,Standard Customer
16762,0.522836,1,0.442809,Medium Risk,124.830000,Low Value,Standard Customer
16763,0.525011,1,0.442809,Medium Risk,284.920000,Low Value,Standard Customer
16764,0.183455,0,0.442809,Low Risk,421.170000,Low Value,Standard Customer
16765,0.749620,1,0.442809,High Risk,234.030000,Low Value,At-Risk Customer
16766,0.645921,1,0.442809,Medium Risk,455.240000,Low Value,Standard Customer
16767,0.105834,0,0.442809,Low Risk,1519.400000,Medium Value,Standard Customer
16768,0.305014,0,0.442809,Low Risk,269.040000,Low Value,Standard Customer
16769,0.689369,1,0.442809,High Risk,175.030000,Low Value,At-Risk Customer
16770,0.264790,0,0.442809,Low Risk,357.010000,Low Value,Standard Customer
16771,0.247892,0,0.442809,Low Risk,508.780000,Medium Value,Standard Customer
16774,0.307216,0,0.442809,Low Risk,398.430000,Low Value,Standard Customer
16775,0.155815,0,0.442809,Low Risk,886.950000,Medium Value,Standard Customer
16777,0.554920,1,0.442809,Medium Risk,180.260000,Low Value,Standard Customer
16778,0.713683,1,0.442809,High Risk,188.490000,Low Value,At-Risk Customer
16779,0.085836,0,0.442809,Low Risk,3405.870000,High Value,Loyal High-Value Customer
16780,0.388545,0,0.442809,Medium Risk,188.510000,Low Value,Standard Customer
16781,0.714612,1,0.442809,High Risk,297.470000,Low Value,At-Risk Customer
16782,0.104252,0,0.442809,Low Risk,1074.270000,Medium Value,Standard Customer
16788,0.271526,0,0.442809,Low Risk,191.190000,Low Value,Standard Customer
16791,0.167412,0,0.442809,Low Risk,472.970000,Low Value,Standard Customer
16792,0.678852,1,0.442809,High Risk,234.200000,Low Value,At-Risk Customer
16794,0.175724,0,0.442809,Low Risk,121.900000,Low Value,Standard Customer
16795,0.718220,1,0.442809,High Risk,59.170000,Low Value,At-Risk Customer
16801,0.277618,0,0.442809,Low Risk,585.420000,Medium Value,Standard Customer
16804,0.677815,1,0.442809,High Risk,201.520000,Low Value,At-Risk Customer
16805,0.371035,0,0.442809,Medium Risk,0.000000,Low Value,Standard Customer
16806,0.248639,0,0.442809,Low Risk,459.410000,Low Value,Standard Customer
16807,0.313807,0,0.442809,Low Risk,376.260000,Low Value,Standard Customer
16808,0.395796,0,0.442809,Medium Risk,188.870000,Low Value,Standard Customer
16809,0.250121,0,0.442809,Low Risk,211.220000,Low Value,Standard Customer
16810,0.546523,1,0.442809,Medium Risk,259.940000,Low Value,Standard Customer
16812,0.778276,1,0.442809,High Risk,214.080000,Low Value,At-Risk Customer
16813,0.126515,0,0.442809,Low Risk,147.900000,Low Value,Standard Customer
16814,0.089054,0,0.442809,Low Risk,3321.290000,High Value,Loyal High-Value Customer
16816,0.328964,0,0.442809,Low Risk,259.000000,Low Value,Standard Customer
16817,0.154311,0,0.442809,Low Risk,571.380000,Medium Value,Standard Customer
16818,0.099774,0,0.442809,Low Risk,1138.120000,Medium Value,Standard Customer
16820,0.465402,1,0.442809,Medium Risk,5.220000,Low Value,Standard Customer
16823,0.645673,1,0.442809,Medium Risk,129.750000,Low Value,Standard Customer
16824,0.539463,1,0.442809,Medium Risk,127.090000,Low Value,Standard Customer
16825,0.560237,1,0.442809,Medium Risk,0.000000,Low Value,Standard Customer
16828,0.495384,1,0.442809,Medium Risk,206.470000,Low Value,Standard Customer
16829,0.568126,1,0.442809,Medium Risk,150.190000,Low Value,Standard Customer
16832,0.559486,1,0.442809,Medium Risk,287.300000,Low Value,Standard Customer
16833,0.436450,0,0.442809,Medium Risk,426.720000,Low Value,Standard Customer
16834,0.670311,1,0.442809,High Risk,0.000000,Low Value,At-Risk Customer
16835,0.542293,1,0.442809,Medium Risk,238.080000,Low Value,Standard Customer
16836,0.488060,1,0.442809,Medium Risk,153.250000,Low Value,Standard Customer
16837,0.129750,0,0.442809,Low Risk,1244.480000,Medium Value,Standard Customer
16838,0.516550,1,0.442809,Medium Risk,446.590000,Low Value,Standard Customer
16839,0.085599,0,0.442809,Low Risk,6342.540000,High Value,Loyal High-Value Customer
16841,0.141678,0,0.442809,Low Risk,0.000000,Low Value,Standard Customer
16842,0.271503,0,0.442809,Low Risk,541.430000,Medium Value,Standard Customer
16843,0.084758,0,0.442809,Low Risk,1879.280000,Medium Value,Standard Customer
16849,0.632192,1,0.442809,Medium Risk,198.270000,Low Value,Standard Customer
16850,0.743326,1,0.442809,High Risk,75.930000,Low Value,At-Risk Customer
16852,0.554444,1,0.442809,Medium Risk,183.820000,Low Value,Standard Customer
16858,0.722149,1,0.442809,High Risk,352.290000,Low Value,At-Risk Customer
16859,0.306526,0,0.442809,Low Risk,18.010000,Low Value,Standard Customer
16861,0.481611,1,0.442809,Medium Risk,205.140000,Low Value,Standard Customer
16863,0.686431,1,0.442809,High Risk,234.580000,Low Value,At-Risk Customer
16866,0.487308,1,0.442809,Medium Risk,268.210000,Low Value,Standard Customer
16869,0.396310,0,0.442809,Medium Risk,194.430000,Low Value,Standard Customer
16871,0.215843,0,0.442809,Low Risk,1122.180000,Medium Value,Standard Customer
16872,0.395061,0,0.442809,Medium Risk,119.260000,Low Value,Standard Customer
16873,0.130962,0,0.442809,Low Risk,1992.180000,Medium Value,Standard Customer
16875,0.170220,0,0.442809,Low Risk,681.270000,Medium Value,Standard Customer
16877,0.397206,0,0.442809,Medium Risk,187.550000,Low Value,Standard Customer
16880,0.156284,0,0.442809,Low Risk,569.280000,Medium Value,Standard Customer
16882,0.610822,1,0.442809,Medium Risk,241.810000,Low Value,Standard Customer
16883,0.483284,1,0.442809,Medium Risk,252.070000,Low Value,Standard Customer
16885,0.724976,1,0.442809,High Risk,212.300000,Low Value,At-Risk Customer
16889,0.326385,0,0.442809,Low Risk,563.920000,Medium Value,Standard Customer
16891,0.210536,0,0.442809,Low Risk,341.690000,Low Value,Standard Customer
16892,0.587446,1,0.442809,Medium Risk,175.180000,Low Value,Standard Customer
16893,0.715529,1,0.442809,High Risk,179.220000,Low Value,At-Risk Customer
16897,0.633678,1,0.442809,Medium Risk,277.020000,Low Value,Standard Customer
16898,0.294459,0,0.442809,Low Risk,125.790000,Low Value,Standard Customer
16899,0.297806,0,0.442809,Low Risk,331.250000,Low Value,Standard Customer
16902,0.524844,1,0.442809,Medium Risk,0.000000,Low Value,Standard Customer
16904,0.086605,0,0.442809,Low Risk,1446.410000,Medium Value,Standard Customer
16905,0.355208,0,0.442809,Medium Risk,606.690000,Medium Value,Standard Customer
16906,0.398082,0,0.442809,Medium Risk,303.320000,Low Value,Standard Customer
16907,0.243841,0,0.442809,Low Risk,495.980000,Low Value,Standard Customer
16910,0.422837,0,0.442809,Medium Risk,105.270000,Low Value,Standard Customer
16912,0.141319,0,0.442809,Low Risk,1012.170000,Medium Value,Standard Customer
16913,0.721729,1,0.442809,High Risk,178.900000,Low Value,At-Risk Customer
16915,0.290150,0,0.442809,Low Risk,386.850000,Low Value,Standard Customer
16916,0.615376,1,0.442809,Medium Risk,152.080000,Low Value,Standard Customer
16917,0.719938,1,0.442809,High Risk,91.630000,Low Value,At-Risk Customer
16918,0.257146,0,0.442809,Low Risk,291.720000,Low Value,Standard Customer
16919,0.159758,0,0.442809,Low Risk,1354.290000,Medium Value,Standard Customer
16923,0.084045,0,0.442809,Low Risk,2494.110000,High Value,Loyal High-Value Customer
16926,0.746573,1,0.442809,High Risk,229.430000,Low Value,At-Risk Customer
16927,0.428305,0,0.442809,Medium Risk,0.000000,Low Value,Standard Customer
16928,0.091463,0,0.442809,Low Risk,863.790000,Medium Value,Standard Customer
16929,0.386223,0,0.442809,Medium Risk,177.810000,Low Value,Standard Customer
16931,0.087033,0,0.442809,Low Risk,1083.040000,Medium Value,Standard Customer
16933,0.528747,1,0.442809,Medium Risk,230.650000,Low Value,Standard Customer
16938,0.160799,0,0.442809,Low Risk,674.120000,Medium Value,Standard Customer
16940,0.202797,0,0.442809,Low Risk,230.770000,Low Value,Standard Customer
16942,0.126707,0,0.442809,Low Risk,856.830000,Medium Value,Standard Customer
16943,0.537376,1,0.442809,Medium Risk,644.510000,Medium Value,Standard Customer
16945,0.095625,0,0.442809,Low Risk,1403.670000,Medium Value,Standard Customer
16947,0.677157,1,0.442809,High Risk,20.250000,Low Value,At-Risk Customer
16948,0.354132,0,0.442809,Medium Risk,0.000000,Low Value,Standard Customer
16949,0.279170,0,0.442809,Low Risk,484.670000,Low Value,Standard Customer
16950,0.373235,0,0.442809,Medium Risk,361.670000,Low Value,Standard Customer
16951,0.242551,0,0.442809,Low Risk,167.270000,Low Value,Standard Customer
16952,0.469862,1,0.442809,Medium Risk,201.040000,Low Value,Standard Customer
16954,0.271281,0,0.442809,Low Risk,582.780000,Medium Value,Standard Customer
16955,0.399875,0,0.442809,Medium Risk,363.380000,Low Value,Standard Customer
16957,0.640678,1,0.442809,Medium Risk,303.980000,Low Value,Standard Customer
16960,0.570224,1,0.442809,Medium Risk,141.630000,Low Value,Standard Customer
16961,0.502654,1,0.442809,Medium Risk,126.080000,Low Value,Standard Customer
16963,0.613830,1,0.442809,Medium Risk,196.680000,Low Value,Standard Customer
16965,0.629226,1,0.442809,Medium Risk,13.510000,Low Value,Standard Customer
16966,0.243984,0,0.442809,Low Risk,466.100000,Low Value,Standard Customer
16967,0.607341,1,0.442809,Medium Risk,0.000000,Low Value,Standard Customer
16968,0.449507,1,0.442809,Medium Risk,144.550000,Low Value,Standard Customer
16969,0.363591,0,0.442809,Medium Risk,0.000000,Low Value,Standard Customer
16976,0.706316,1,0.442809,High Risk,186.730000,Low Value,At-Risk Customer
16979,0.390609,0,0.442809,Medium Risk,451.550000,Low Value,Standard Customer
16980,0.496919,1,0.442809,Medium Risk,194.190000,Low Value,Standard Customer
16983,0.155182,0,0.442809,Low Risk,554.750000,Medium Value,Standard Customer
16984,0.161321,0,0.442809,Low Risk,587.690000,Medium Value,Standard Customer
16985,0.157679,0,0.442809,Low Risk,2389.240000,High Value,Loyal High-Value Customer
16987,0.411377,0,0.442809,Medium Risk,529.020000,Medium Value,Standard Customer
16989,0.342509,0,0.442809,Low Risk,0.000000,Low Value,Standard Customer
16990,0.697382,1,0.442809,High Risk,165.590000,Low Value,At-Risk Customer
16992,0.211230,0,0.442809,Low Risk,415.080000,Low Value,Standard Customer
16995,0.772918,1,0.442809,High Risk,246.810000,Low Value,At-Risk Customer
16996,0.176032,0,0.442809,Low Risk,709.160000,Medium Value,Standard Customer
16997,0.633931,1,0.442809,Medium Risk,434.440000,Low Value,Standard Customer
16998,0.413743,0,0.442809,Medium Risk,307.700000,Low Value,Standard Customer
17001,0.128088,0,0.442809,Low Risk,1456.380000,Medium Value,Standard Customer
17002,0.538023,1,0.442809,Medium Risk,436.880000,Low Value,Standard Customer
17004,0.389033,0,0.442809,Medium Risk,0.000000,Low Value,Standard Customer
17007,0.239726,0,0.442809,Low Risk,338.900000,Low Value,Standard Customer
17015,0.320782,0,0.442809,Low Risk,0.000000,Low Value,Standard Customer
17017,0.096783,0,0.442809,Low Risk,1988.480000,Medium Value,Standard Customer
17018,0.712434,1,0.442809,High Risk,224.680000,Low Value,At-Risk Customer
17019,0.300509,0,0.442809,Low Risk,345.220000,Low Value,Standard Customer
17024,0.482109,1,0.442809,Medium Risk,182.640000,Low Value,Standard Customer
17025,0.646954,1,0.442809,Medium Risk,213.920000,Low Value,Standard Customer
17026,0.623792,1,0.442809,Medium Risk,211.700000,Low Value,Standard Customer
17027,0.225623,0,0.442809,Low Risk,378.070000,Low Value,Standard Customer
17029,0.484409,1,0.442809,Medium Risk,299.740000,Low Value,Standard Customer
17031,0.526642,1,0.442809,Medium Risk,132.150000,Low Value,Standard Customer
17033,0.553199,1,0.442809,Medium Risk,396.210000,Low Value,Standard Customer
17034,0.714621,1,0.442809,High Risk,170.910000,Low Value,At-Risk Customer
17035,0.594798,1,0.442809,Medium Risk,300.470000,Low Value,Standard Customer
17040,0.533633,1,0.442809,Medium Risk,105.980000,Low Value,Standard Customer
17041,0.268707,0,0.442809,Low Risk,276.170000,Low Value,Standard Customer
17042,0.209636,0,0.442809,Low Risk,193.420000,Low Value,Standard Customer
17043,0.479797,1,0.442809,Medium Risk,102.830000,Low Value,Standard Customer
17044,0.705925,1,0.442809,High Risk,244.220000,Low Value,At-Risk Customer
17045,0.393475,0,0.442809,Medium Risk,317.580000,Low Value,Standard Customer
17046,0.550998,1,0.442809,Medium Risk,0.000000,Low Value,Standard Customer
17047,0.398918,0,0.442809,Medium Risk,336.400000,Low Value,Standard Customer
17048,0.241984,0,0.442809,Low Risk,492.220000,Low Value,Standard Customer
17049,0.148699,0,0.442809,Low Risk,1527.800000,Medium Value,Standard Customer
17050,0.180048,0,0.442809,Low Risk,1647.950000,Medium Value,Standard Customer
17051,0.551767,1,0.442809,Medium Risk,77.020000,Low Value,Standard Customer
17053,0.429052,0,0.442809,Medium Risk,368.740000,Low Value,Standard Customer
17054,0.204976,0,0.442809,Low Risk,575.220000,Medium Value,Standard Customer
17058,0.386923,0,0.442809,Medium Risk,300.090000,Low Value,Standard Customer
17059,0.132872,0,0.442809,Low Risk,841.410000,Medium Value,Standard Customer
17060,0.695093,1,0.442809,High Risk,92.080000,Low Value,At-Risk Customer
17061,0.111079,0,0.442809,Low Risk,3296.220000,High Value,Loyal High-Value Customer
17062,0.519684,1,0.442809,Medium Risk,261.340000,Low Value,Standard Customer
17063,0.275942,0,0.442809,Low Risk,425.340000,Low Value,Standard Customer
17064,0.442884,1,0.442809,Medium Risk,291.360000,Low Value,Standard Customer
17065,0.659843,1,0.442809,High Risk,202.360000,Low Value,At-Risk Customer
17068,0.090286,0,0.442809,Low Risk,2083.920000,High Value,Loyal High-Value Customer
17069,0.143150,0,0.442809,Low Risk,857.270000,Medium Value,Standard Customer
17070,0.449602,1,0.442809,Medium Risk,88.380000,Low Value,Standard Customer
17071,0.141704,0,0.442809,Low Risk,845.350000,Medium Value,Standard Customer
17073,0.364911,0,0.442809,Medium Risk,0.000000,Low Value,Standard Customer
17075,0.359777,0,0.442809,Medium Risk,497.080000,Low Value,Standard Customer
17076,0.647733,1,0.442809,Medium Risk,309.110000,Low Value,Standard Customer
17080,0.628649,1,0.442809,Medium Risk,201.310000,Low Value,Standard Customer
17082,0.650943,1,0.442809,High Risk,46.310000,Low Value,At-Risk Customer
17083,0.334705,0,0.442809,Low Risk,604.640000,Medium Value,Standard Customer
17085,0.168425,0,0.442809,Low Risk,818.700000,Medium Value,Standard Customer
17088,0.332962,0,0.442809,Low Risk,546.630000,Medium Value,Standard Customer
17090,0.269297,0,0.442809,Low Risk,521.320000,Medium Value,Standard Customer
17091,0.119288,0,0.442809,Low Risk,1501.960000,Medium Value,Standard Customer
17092,0.363003,0,0.442809,Medium Risk,230.230000,Low Value,Standard Customer
17094,0.683135,1,0.442809,High Risk,252.490000,Low Value,At-Risk Customer
17095,0.477045,1,0.442809,Medium Risk,242.020000,Low Value,Standard Customer
17096,0.332785,0,0.442809,Low Risk,327.810000,Low Value,Standard Customer
17097,0.145773,0,0.442809,Low Risk,384.060000,Low Value,Standard Customer
17101,0.554006,1,0.442809,Medium Risk,109.720000,Low Value,Standard Customer
17102,0.719072,1,0.442809,High Risk,229.620000,Low Value,At-Risk Customer
17105,0.390689,0,0.442809,Medium Risk,9.570000,Low Value,Standard Customer
17107,0.173094,0,0.442809,Low Risk,2838.670000,High Value,Loyal High-Value Customer
17109,0.509095,1,0.442809,Medium Risk,246.580000,Low Value,Standard Customer
17110,0.594699,1,0.442809,Medium Risk,182.870000,Low Value,Standard Customer
17114,0.198115,0,0.442809,Low Risk,406.270000,Low Value,Standard Customer
17115,0.353086,0,0.442809,Medium Risk,414.930000,Low Value,Standard Customer
17117,0.712938,1,0.442809,High Risk,187.940000,Low Value,At-Risk Customer
17118,0.726327,1,0.442809,High Risk,133.950000,Low Value,At-Risk Customer
17120,0.664266,1,0.442809,High Risk,150.580000,Low Value,At-Risk Customer
17122,0.543423,1,0.442809,Medium Risk,156.360000,Low Value,Standard Customer
17123,0.587899,1,0.442809,Medium Risk,60.070000,Low Value,Standard Customer
17124,0.583792,1,0.442809,Medium Risk,125.080000,Low Value,Standard Customer
17126,0.182639,0,0.442809,Low Risk,271.140000,Low Value,Standard Customer
17128,0.734094,1,0.442809,High Risk,188.770000,Low Value,At-Risk Customer
17133,0.364221,0,0.442809,Medium Risk,1146.480000,Medium Value,Standard Customer
17134,0.420079,0,0.442809,Medium Risk,332.770000,Low Value,Standard Customer
17135,0.581326,1,0.442809,Medium Risk,179.490000,Low Value,Standard Customer
17138,0.719322,1,0.442809,High Risk,153.970000,Low Value,At-Risk Customer
17139,0.094470,0,0.442809,Low Risk,3942.930000,High Value,Loyal High-Value Customer
17140,0.676661,1,0.442809,High Risk,37.820000,Low Value,At-Risk Customer
17142,0.719436,1,0.442809,High Risk,202.920000,Low Value,At-Risk Customer
17146,0.360932,0,0.442809,Medium Risk,524.680000,Medium Value,Standard Customer
17147,0.300278,0,0.442809,Low Risk,507.300000,Medium Value,Standard Customer
17152,0.464202,1,0.442809,Medium Risk,1007.900000,Medium Value,Standard Customer
17155,0.564505,1,0.442809,Medium Risk,111.770000,Low Value,Standard Customer
17157,0.549084,1,0.442809,Medium Risk,201.860000,Low Value,Standard Customer
17158,0.456660,1,0.442809,Medium Risk,238.320000,Low Value,Standard Customer
17159,0.551316,1,0.442809,Medium Risk,17.810000,Low Value,Standard Customer
17160,0.151404,0,0.442809,Low Risk,872.580000,Medium Value,Standard Customer
17162,0.118395,0,0.442809,Low Risk,719.110000,Medium Value,Standard Customer
17164,0.295028,0,0.442809,Low Risk,470.280000,Low Value,Standard Customer
17165,0.709037,1,0.442809,High Risk,167.060000,Low Value,At-Risk Customer
17166,0.576644,1,0.442809,Medium Risk,214.650000,Low Value,Standard Customer
17169,0.522607,1,0.442809,Medium Risk,277.120000,Low Value,Standard Customer
17171,0.679606,1,0.442809,High Risk,108.100000,Low Value,At-Risk Customer
17173,0.315181,0,0.442809,Low Risk,665.520000,Medium Value,Standard Customer
17174,0.681454,1,0.442809,High Risk,195.460000,Low Value,At-Risk Customer
17175,0.262430,0,0.442809,Low Risk,550.220000,Medium Value,Standard Customer
17176,0.614274,1,0.442809,Medium Risk,112.380000,Low Value,Standard Customer
17179,0.356718,0,0.442809,Medium Risk,435.350000,Low Value,Standard Customer
17180,0.270929,0,0.442809,Low Risk,174.150000,Low Value,Standard Customer
17181,0.724372,1,0.442809,High Risk,104.910000,Low Value,At-Risk Customer
17183,0.471265,1,0.442809,Medium Risk,124.530000,Low Value,Standard Customer
17187,0.675347,1,0.442809,High Risk,130.540000,Low Value,At-Risk Customer
17188,0.169763,0,0.442809,Low Risk,832.730000,Medium Value,Standard Customer
17189,0.368339,0,0.442809,Medium Risk,197.010000,Low Value,Standard Customer
17190,0.498610,1,0.442809,Medium Risk,196.840000,Low Value,Standard Customer
17191,0.144706,0,0.442809,Low Risk,756.180000,Medium Value,Standard Customer
17193,0.441680,0,0.442809,Medium Risk,385.980000,Low Value,Standard Customer
17194,0.640937,1,0.442809,Medium Risk,252.520000,Low Value,Standard Customer
17198,0.556070,1,0.442809,Medium Risk,286.860000,Low Value,Standard Customer
17204,0.213578,0,0.442809,Low Risk,852.020000,Medium Value,Standard Customer
17211,0.150937,0,0.442809,Low Risk,756.540000,Medium Value,Standard Customer
17212,0.685688,1,0.442809,High Risk,139.020000,Low Value,At-Risk Customer
17213,0.131784,0,0.442809,Low Risk,1077.350000,Medium Value,Standard Customer
17214,0.403352,0,0.442809,Medium Risk,483.450000,Low Value,Standard Customer
17217,0.679985,1,0.442809,High Risk,210.330000,Low Value,At-Risk Customer
17218,0.255915,0,0.442809,Low Risk,592.200000,Medium Value,Standard Customer
17220,0.094003,0,0.442809,Low Risk,1036.380000,Medium Value,Standard Customer
17223,0.637542,1,0.442809,Medium Risk,341.250000,Low Value,Standard Customer
17226,0.732425,1,0.442809,High Risk,0.000000,Low Value,At-Risk Customer
17227,0.404610,0,0.442809,Medium Risk,290.680000,Low Value,Standard Customer
17228,0.263107,0,0.442809,Low Risk,219.100000,Low Value,Standard Customer
17229,0.369176,0,0.442809,Medium Risk,199.080000,Low Value,Standard Customer
17230,0.266701,0,0.442809,Low Risk,2166.560000,High Value,Loyal High-Value Customer
17231,0.106998,0,0.442809,Low Risk,904.710000,Medium Value,Standard Customer
17234,0.598536,1,0.442809,Medium Risk,179.340000,Low Value,Standard Customer
17235,0.716288,1,0.442809,High Risk,177.070000,Low Value,At-Risk Customer
17236,0.252670,0,0.442809,Low Risk,390.750000,Low Value,Standard Customer
17238,0.097545,0,0.442809,Low Risk,1050.060000,Medium Value,Standard Customer
17239,0.673876,1,0.442809,High Risk,311.280000,Low Value,At-Risk Customer
17242,0.445948,1,0.442809,Medium Risk,360.180000,Low Value,Standard Customer
17243,0.088368,0,0.442809,Low Risk,2976.880000,High Value,Loyal High-Value Customer
17245,0.619257,1,0.442809,Medium Risk,174.240000,Low Value,Standard Customer
17248,0.448498,1,0.442809,Medium Risk,28.540000,Low Value,Standard Customer
17250,0.657402,1,0.442809,High Risk,174.830000,Low Value,At-Risk Customer
17251,0.733326,1,0.442809,High Risk,160.970000,Low Value,At-Risk Customer
17252,0.338875,0,0.442809,Low Risk,179.100000,Low Value,Standard Customer
17255,0.582135,1,0.442809,Medium Risk,163.170000,Low Value,Standard Customer
17256,0.447963,1,0.442809,Medium Risk,209.410000,Low Value,Standard Customer
17259,0.352212,0,0.442809,Medium Risk,154.910000,Low Value,Standard Customer
17262,0.416956,0,0.442809,Medium Risk,685.240000,Medium Value,Standard Customer
17263,0.654641,1,0.442809,High Risk,182.940000,Low Value,At-Risk Customer
17265,0.340262,0,0.442809,Low Risk,140.610000,Low Value,Standard Customer
17266,0.474532,1,0.442809,Medium Risk,188.440000,Low Value,Standard Customer
17267,0.410480,0,0.442809,Medium Risk,223.150000,Low Value,Standard Customer
17268,0.378956,0,0.442809,Medium Risk,150.630000,Low Value,Standard Customer
17272,0.303528,0,0.442809,Low Risk,315.980000,Low Value,Standard Customer
17277,0.546544,1,0.442809,Medium Risk,439.240000,Low Value,Standard Customer
17278,0.652236,1,0.442809,High Risk,107.480000,Low Value,At-Risk Customer
17282,0.297353,0,0.442809,Low Risk,0.000000,Low Value,Standard Customer
17284,0.120684,0,0.442809,Low Risk,352.510000,Low Value,Standard Customer
17287,0.228479,0,0.442809,Low Risk,425.310000,Low Value,Standard Customer
17288,0.311290,0,0.442809,Low Risk,219.210000,Low Value,Standard Customer
17289,0.539933,1,0.442809,Medium Risk,111.810000,Low Value,Standard Customer
17291,0.781865,1,0.442809,High Risk,229.020000,Low Value,At-Risk Customer
17293,0.214167,0,0.442809,Low Risk,454.450000,Low Value,Standard Customer
17298,0.386696,0,0.442809,Medium Risk,163.520000,Low Value,Standard Customer
17299,0.353241,0,0.442809,Medium Risk,116.000000,Low Value,Standard Customer
17302,0.253426,0,0.442809,Low Risk,377.840000,Low Value,Standard Customer
17303,0.722345,1,0.442809,High Risk,121.480000,Low Value,At-Risk Customer
17306,0.090959,0,0.442809,Low Risk,0.000000,Low Value,Standard Customer
17307,0.806638,1,0.442809,High Risk,335.250000,Low Value,At-Risk Customer
17309,0.550132,1,0.442809,Medium Risk,172.700000,Low Value,Standard Customer
17311,0.729332,1,0.442809,High Risk,0.000000,Low Value,At-Risk Customer
17312,0.424806,0,0.442809,Medium Risk,358.220000,Low Value,Standard Customer
17314,0.160335,0,0.442809,Low Risk,671.070000,Medium Value,Standard Customer
17315,0.084401,0,0.442809,Low Risk,1548.170000,Medium Value,Standard Customer
17320,0.303885,0,0.442809,Low Risk,528.350000,Medium Value,Standard Customer
17323,0.184066,0,0.442809,Low Risk,140.620000,Low Value,Standard Customer
17324,0.573065,1,0.442809,Medium Risk,167.960000,Low Value,Standard Customer
17325,0.715078,1,0.442809,High Risk,193.190000,Low Value,At-Risk Customer
17329,0.674453,1,0.442809,High Risk,197.460000,Low Value,At-Risk Customer
17331,0.595060,1,0.442809,Medium Risk,210.010000,Low Value,Standard Customer
17334,0.664752,1,0.442809,High Risk,183.210000,Low Value,At-Risk Customer
17337,0.162554,0,0.442809,Low Risk,624.000000,Medium Value,Standard Customer
17338,0.092088,0,0.442809,Low Risk,2888.440000,High Value,Loyal High-Value Customer
17339,0.442099,0,0.442809,Medium Risk,203.810000,Low Value,Standard Customer
17340,0.093340,0,0.442809,Low Risk,3913.310000,High Value,Loyal High-Value Customer
17341,0.276208,0,0.442809,Low Risk,269.170000,Low Value,Standard Customer
17343,0.723194,1,0.442809,High Risk,206.780000,Low Value,At-Risk Customer
17345,0.272799,0,0.442809,Low Risk,214.550000,Low Value,Standard Customer
17346,0.118051,0,0.442809,Low Risk,405.160000,Low Value,Standard Customer
17348,0.609354,1,0.442809,Medium Risk,78.720000,Low Value,Standard Customer
17349,0.581456,1,0.442809,Medium Risk,140.070000,Low Value,Standard Customer
17351,0.490749,1,0.442809,Medium Risk,353.970000,Low Value,Standard Customer
17353,0.375107,0,0.442809,Medium Risk,301.940000,Low Value,Standard Customer
17356,0.709108,1,0.442809,High Risk,119.110000,Low Value,At-Risk Customer
17358,0.624188,1,0.442809,Medium Risk,232.840000,Low Value,Standard Customer
17360,0.483592,1,0.442809,Medium Risk,83.780000,Low Value,Standard Customer
17361,0.510793,1,0.442809,Medium Risk,287.230000,Low Value,Standard Customer
17362,0.604316,1,0.442809,Medium Risk,220.620000,Low Value,Standard Customer
17364,0.120794,0,0.442809,Low Risk,1258.170000,Medium Value,Standard Customer
17365,0.142471,0,0.442809,Low Risk,179.690000,Low Value,Standard Customer
17367,0.621311,1,0.442809,Medium Risk,107.250000,Low Value,Standard Customer
17368,0.152007,0,0.442809,Low Risk,587.090000,Medium Value,Standard Customer
17370,0.356993,0,0.442809,Medium Risk,142.680000,Low Value,Standard Customer
17371,0.754053,1,0.442809,High Risk,219.300000,Low Value,At-Risk Customer
17372,0.142124,0,0.442809,Low Risk,480.250000,Low Value,Standard Customer
17373,0.420296,0,0.442809,Medium Risk,186.950000,Low Value,Standard Customer
17374,0.624080,1,0.442809,Medium Risk,399.340000,Low Value,Standard Customer
17375,0.418301,0,0.442809,Medium Risk,146.230000,Low Value,Standard Customer
17376,0.703763,1,0.442809,High Risk,210.970000,Low Value,At-Risk Customer
17377,0.112948,0,0.442809,Low Risk,931.860000,Medium Value,Standard Customer
17381,0.085682,0,0.442809,Low Risk,1654.590000,Medium Value,Standard Customer
17384,0.623804,1,0.442809,Medium Risk,208.450000,Low Value,Standard Customer
17386,0.226521,0,0.442809,Low Risk,822.020000,Medium Value,Standard Customer
17388,0.349786,0,0.442809,Low Risk,288.630000,Low Value,Standard Customer
17389,0.085419,0,0.442809,Low Risk,7268.810000,High Value,Loyal High-Value Customer
17391,0.574018,1,0.442809,Medium Risk,135.220000,Low Value,Standard Customer
17392,0.633268,1,0.442809,Medium Risk,202.590000,Low Value,Standard Customer
17394,0.670724,1,0.442809,High Risk,65.380000,Low Value,At-Risk Customer
17396,0.211973,0,0.442809,Low Risk,3511.260000,High Value,Loyal High-Value Customer
17398,0.373530,0,0.442809,Medium Risk,389.980000,Low Value,Standard Customer
17400,0.176799,0,0.442809,Low Risk,1006.280000,Medium Value,Standard Customer
17402,0.168152,0,0.442809,Low Risk,1324.890000,Medium Value,Standard Customer
17404,0.084827,0,0.442809,Low Risk,3582.920000,High Value,Loyal High-Value Customer
17405,0.421735,0,0.442809,Medium Risk,0.000000,Low Value,Standard Customer
17406,0.451432,1,0.442809,Medium Risk,1150.280000,Medium Value,Standard Customer
17408,0.611224,1,0.442809,Medium Risk,213.370000,Low Value,Standard Customer
17409,0.560183,1,0.442809,Medium Risk,542.120000,Medium Value,Standard Customer
17410,0.344273,0,0.442809,Low Risk,294.060000,Low Value,Standard Customer
17411,0.622594,1,0.442809,Medium Risk,253.730000,Low Value,Standard Customer
17412,0.344173,0,0.442809,Low Risk,445.130000,Low Value,Standard Customer
17414,0.492694,1,0.442809,Medium Risk,0.000000,Low Value,Standard Customer
17416,0.105713,0,0.442809,Low Risk,2360.170000,High Value,Loyal High-Value Customer
17418,0.710008,1,0.442809,High Risk,144.770000,Low Value,At-Risk Customer
17419,0.116442,0,0.442809,Low Risk,1561.350000,Medium Value,Standard Customer
17420,0.479289,1,0.442809,Medium Risk,278.360000,Low Value,Standard Customer
17422,0.133541,0,0.442809,Low Risk,252.210000,Low Value,Standard Customer
17423,0.509973,1,0.442809,Medium Risk,226.930000,Low Value,Standard Customer
17426,0.136425,0,0.442809,Low Risk,1622.720000,Medium Value,Standard Customer
17428,0.085164,0,0.442809,Low Risk,5297.600000,High Value,Loyal High-Value Customer
17429,0.325379,0,0.442809,Low Risk,88.430000,Low Value,Standard Customer
17430,0.705174,1,0.442809,High Risk,208.510000,Low Value,At-Risk Customer
17431,0.697960,1,0.442809,High Risk,30.640000,Low Value,At-Risk Customer
17436,0.645487,1,0.442809,Medium Risk,196.860000,Low Value,Standard Customer
17438,0.652998,1,0.442809,High Risk,333.220000,Low Value,At-Risk Customer
17440,0.449007,1,0.442809,Medium Risk,112.560000,Low Value,Standard Customer
17442,0.125497,0,0.442809,Low Risk,828.470000,Medium Value,Standard Customer
17443,0.690375,1,0.442809,High Risk,0.000000,Low Value,At-Risk Customer
17444,0.275361,0,0.442809,Low Risk,668.210000,Medium Value,Standard Customer
17446,0.602219,1,0.442809,Medium Risk,118.220000,Low Value,Standard Customer
17448,0.595979,1,0.442809,Medium Risk,0.000000,Low Value,Standard Customer
17449,0.172842,0,0.442809,Low Risk,737.240000,Medium Value,Standard Customer
17450,0.084201,0,0.442809,Low Risk,61095.780000,High Value,Loyal High-Value Customer
17451,0.359633,0,0.442809,Medium Risk,164.600000,Low Value,Standard Customer
17454,0.378536,0,0.442809,Medium Risk,351.950000,Low Value,Standard Customer
17455,0.623808,1,0.442809,Medium Risk,178.100000,Low Value,Standard Customer
17456,0.724321,1,0.442809,High Risk,95.090000,Low Value,At-Risk Customer
17457,0.249603,0,0.442809,Low Risk,994.510000,Medium Value,Standard Customer
17460,0.203027,0,0.442809,Low Risk,449.730000,Low Value,Standard Customer
17462,0.693930,1,0.442809,High Risk,149.100000,Low Value,At-Risk Customer
17463,0.212721,0,0.442809,Low Risk,541.120000,Medium Value,Standard Customer
17464,0.572486,1,0.442809,Medium Risk,73.640000,Low Value,Standard Customer
17469,0.257333,0,0.442809,Low Risk,614.940000,Medium Value,Standard Customer
17470,0.213787,0,0.442809,Low Risk,0.000000,Low Value,Standard Customer
17472,0.337010,0,0.442809,Low Risk,246.870000,Low Value,Standard Customer
17481,0.424061,0,0.442809,Medium Risk,103.640000,Low Value,Standard Customer
17483,0.436535,0,0.442809,Medium Risk,262.510000,Low Value,Standard Customer
17486,0.699839,1,0.442809,High Risk,106.990000,Low Value,At-Risk Customer
17489,0.605343,1,0.442809,Medium Risk,61.610000,Low Value,Standard Customer
17490,0.514023,1,0.442809,Medium Risk,244.950000,Low Value,Standard Customer
17491,0.138304,0,0.442809,Low Risk,1036.870000,Medium Value,Standard Customer
17492,0.705003,1,0.442809,High Risk,138.150000,Low Value,At-Risk Customer
17496,0.751841,1,0.442809,High Risk,202.580000,Low Value,At-Risk Customer
17499,0.677424,1,0.442809,High Risk,0.000000,Low Value,At-Risk Customer
17501,0.613386,1,0.442809,Medium Risk,235.920000,Low Value,Standard Customer
17504,0.208162,0,0.442809,Low Risk,1491.970000,Medium Value,Standard Customer
17505,0.433950,0,0.442809,Medium Risk,399.310000,Low Value,Standard Customer
17507,0.537665,1,0.442809,Medium Risk,229.630000,Low Value,Standard Customer
17508,0.711457,1,0.442809,High Risk,41.280000,Low Value,At-Risk Customer
17511,0.086495,0,0.442809,Low Risk,30043.160000,High Value,Loyal High-Value Customer
17512,0.127074,0,0.442809,Low Risk,463.250000,Low Value,Standard Customer
17514,0.461379,1,0.442809,Medium Risk,98.390000,Low Value,Standard Customer
17515,0.353584,0,0.442809,Medium Risk,396.130000,Low Value,Standard Customer
17516,0.198031,0,0.442809,Low Risk,289.660000,Low Value,Standard Customer
17517,0.727748,1,0.442809,High Risk,168.380000,Low Value,At-Risk Customer
17519,0.179952,0,0.442809,Low Risk,628.390000,Medium Value,Standard Customer
17521,0.612982,1,0.442809,Medium Risk,144.230000,Low Value,Standard Customer
17522,0.220732,0,0.442809,Low Risk,171.110000,Low Value,Standard Customer
17524,0.765757,1,0.442809,High Risk,188.400000,Low Value,At-Risk Customer
17525,0.766085,1,0.442809,High Risk,213.440000,Low Value,At-Risk Customer
17526,0.368843,0,0.442809,Medium Risk,397.810000,Low Value,Standard Customer
17527,0.343178,0,0.442809,Low Risk,421.420000,Low Value,Standard Customer
17530,0.150529,0,0.442809,Low Risk,580.660000,Medium Value,Standard Customer
17531,0.446243,1,0.442809,Medium Risk,243.080000,Low Value,Standard Customer
17535,0.689510,1,0.442809,High Risk,139.160000,Low Value,At-Risk Customer
17536,0.646832,1,0.442809,Medium Risk,216.130000,Low Value,Standard Customer
17537,0.577585,1,0.442809,Medium Risk,0.000000,Low Value,Standard Customer
17540,0.693967,1,0.442809,High Risk,208.050000,Low Value,At-Risk Customer
17542,0.669353,1,0.442809,High Risk,130.710000,Low Value,At-Risk Customer
17547,0.741234,1,0.442809,High Risk,247.470000,Low Value,At-Risk Customer
17548,0.617649,1,0.442809,Medium Risk,164.960000,Low Value,Standard Customer
17550,0.517407,1,0.442809,Medium Risk,276.030000,Low Value,Standard Customer
17551,0.724279,1,0.442809,High Risk,132.430000,Low Value,At-Risk Customer
17552,0.663961,1,0.442809,High Risk,280.310000,Low Value,At-Risk Customer
17553,0.574565,1,0.442809,Medium Risk,0.000000,Low Value,Standard Customer
17554,0.306599,0,0.442809,Low Risk,0.000000,Low Value,Standard Customer
17555,0.615724,1,0.442809,Medium Risk,108.350000,Low Value,Standard Customer
17556,0.635153,1,0.442809,Medium Risk,157.240000,Low Value,Standard Customer
17560,0.225125,0,0.442809,Low Risk,363.440000,Low Value,Standard Customer
17562,0.241504,0,0.442809,Low Risk,217.850000,Low Value,Standard Customer
17567,0.125939,0,0.442809,Low Risk,1383.970000,Medium Value,Standard Customer
17569,0.751136,1,0.442809,High Risk,132.660000,Low Value,At-Risk Customer
17571,0.265824,0,0.442809,Low Risk,171.050000,Low Value,Standard Customer
17572,0.335776,0,0.442809,Low Risk,241.580000,Low Value,Standard Customer
17573,0.449563,1,0.442809,Medium Risk,83.250000,Low Value,Standard Customer
17574,0.690314,1,0.442809,High Risk,180.670000,Low Value,At-Risk Customer
17576,0.089815,0,0.442809,Low Risk,949.970000,Medium Value,Standard Customer
17578,0.632694,1,0.442809,Medium Risk,199.910000,Low Value,Standard Customer
17579,0.370321,0,0.442809,Medium Risk,251.870000,Low Value,Standard Customer
17580,0.581621,1,0.442809,Medium Risk,245.610000,Low Value,Standard Customer
17581,0.083864,0,0.442809,Low Risk,3354.660000,High Value,Loyal High-Value Customer
17582,0.649083,1,0.442809,Medium Risk,130.560000,Low Value,Standard Customer
17584,0.481259,1,0.442809,Medium Risk,82.030000,Low Value,Standard Customer
17585,0.210326,0,0.442809,Low Risk,0.000000,Low Value,Standard Customer
17588,0.402011,0,0.442809,Medium Risk,556.770000,Medium Value,Standard Customer
17589,0.193242,0,0.442809,Low Risk,465.910000,Low Value,Standard Customer
17591,0.144878,0,0.442809,Low Risk,1056.650000,Medium Value,Standard Customer
17593,0.133494,0,0.442809,Low Risk,1129.950000,Medium Value,Standard Customer
17594,0.653682,1,0.442809,High Risk,86.700000,Low Value,At-Risk Customer
17596,0.153029,0,0.442809,Low Risk,0.000000,Low Value,Standard Customer
17597,0.582491,1,0.442809,Medium Risk,0.000000,Low Value,Standard Customer
17601,0.676876,1,0.442809,High Risk,155.300000,Low Value,At-Risk Customer
17602,0.198665,0,0.442809,Low Risk,91.910000,Low Value,Standard Customer
17603,0.428143,0,0.442809,Medium Risk,0.000000,Low Value,Standard Customer
17604,0.523232,1,0.442809,Medium Risk,209.950000,Low Value,Standard Customer
17609,0.369151,0,0.442809,Medium Risk,302.160000,Low Value,Standard Customer
17611,0.089634,0,0.442809,Low Risk,936.050000,Medium Value,Standard Customer
17612,0.121551,0,0.442809,Low Risk,551.120000,Medium Value,Standard Customer
17613,0.097234,0,0.442809,Low Risk,1493.290000,Medium Value,Standard Customer
17615,0.393779,0,0.442809,Medium Risk,294.750000,Low Value,Standard Customer
17616,0.525092,1,0.442809,Medium Risk,424.190000,Low Value,Standard Customer
17618,0.457073,1,0.442809,Medium Risk,365.440000,Low Value,Standard Customer
17619,0.667316,1,0.442809,High Risk,109.220000,Low Value,At-Risk Customer
17621,0.398585,0,0.442809,Medium Risk,562.240000,Medium Value,Standard Customer
17624,0.590850,1,0.442809,Medium Risk,13.800000,Low Value,Standard Customer
17625,0.224234,0,0.442809,Low Risk,150.310000,Low Value,Standard Customer
17629,0.176612,0,0.442809,Low Risk,259.680000,Low Value,Standard Customer
17630,0.513698,1,0.442809,Medium Risk,344.280000,Low Value,Standard Customer
17631,0.374015,0,0.442809,Medium Risk,267.740000,Low Value,Standard Customer
17633,0.298357,0,0.442809,Low Risk,367.680000,Low Value,Standard Customer
17634,0.115683,0,0.442809,Low Risk,1345.740000,Medium Value,Standard Customer
17637,0.456787,1,0.442809,Medium Risk,62.560000,Low Value,Standard Customer
17639,0.695694,1,0.442809,High Risk,200.500000,Low Value,At-Risk Customer
17642,0.412841,0,0.442809,Medium Risk,220.660000,Low Value,Standard Customer
17643,0.768562,1,0.442809,High Risk,198.720000,Low Value,At-Risk Customer
17644,0.108457,0,0.442809,Low Risk,775.110000,Medium Value,Standard Customer
17646,0.371727,0,0.442809,Medium Risk,690.320000,Medium Value,Standard Customer
17648,0.286195,0,0.442809,Low Risk,774.020000,Medium Value,Standard Customer
17649,0.395337,0,0.442809,Medium Risk,345.900000,Low Value,Standard Customer
17651,0.188274,0,0.442809,Low Risk,564.250000,Medium Value,Standard Customer
17652,0.114675,0,0.442809,Low Risk,1432.070000,Medium Value,Standard Customer
17653,0.354923,0,0.442809,Medium Risk,0.000000,Low Value,Standard Customer
17654,0.660362,1,0.442809,High Risk,195.250000,Low Value,At-Risk Customer
17655,0.173986,0,0.442809,Low Risk,1190.870000,Medium Value,Standard Customer
17656,0.280293,0,0.442809,Low Risk,472.540000,Low Value,Standard Customer
17658,0.583900,1,0.442809,Medium Risk,86.950000,Low Value,Standard Customer
17659,0.125343,0,0.442809,Low Risk,932.470000,Medium Value,Standard Customer
17660,0.475235,1,0.442809,Medium Risk,105.320000,Low Value,Standard Customer
17663,0.258438,0,0.442809,Low Risk,654.580000,Medium Value,Standard Customer
17664,0.558740,1,0.442809,Medium Risk,0.000000,Low Value,Standard Customer
17667,0.236020,0,0.442809,Low Risk,837.980000,Medium Value,Standard Customer
17669,0.198332,0,0.442809,Low Risk,1155.510000,Medium Value,Standard Customer
17670,0.667709,1,0.442809,High Risk,154.160000,Low Value,At-Risk Customer
17671,0.236207,0,0.442809,Low Risk,489.330000,Low Value,Standard Customer
17672,0.526457,1,0.442809,Medium Risk,367.000000,Low Value,Standard Customer
17673,0.197333,0,0.442809,Low Risk,257.430000,Low Value,Standard Customer
17674,0.689180,1,0.442809,High Risk,14.260000,Low Value,At-Risk Customer
17675,0.083787,0,0.442809,Low Risk,9484.740000,High Value,Loyal High-Value Customer
17676,0.235908,0,0.442809,Low Risk,379.620000,Low Value,Standard Customer
17677,0.083542,0,0.442809,Low Risk,6136.200000,High Value,Loyal High-Value Customer
17678,0.657383,1,0.442809,High Risk,94.410000,Low Value,At-Risk Customer
17682,0.180359,0,0.442809,Low Risk,1022.030000,Medium Value,Standard Customer
17685,0.312240,0,0.442809,Low Risk,763.180000,Medium Value,Standard Customer
17686,0.137648,0,0.442809,Low Risk,2466.650000,High Value,Loyal High-Value Customer
17690,0.100949,0,0.442809,Low Risk,2336.780000,High Value,Loyal High-Value Customer
17691,0.712304,1,0.442809,High Risk,276.760000,Low Value,At-Risk Customer
17692,0.287799,0,0.442809,Low Risk,246.130000,Low Value,Standard Customer
17693,0.467030,1,0.442809,Medium Risk,128.050000,Low Value,Standard Customer
17694,0.523589,1,0.442809,Medium Risk,91.250000,Low Value,Standard Customer
17695,0.360943,0,0.442809,Medium Risk,38.930000,Low Value,Standard Customer
17696,0.103889,0,0.442809,Low Risk,754.600000,Medium Value,Standard Customer
17697,0.696342,1,0.442809,High Risk,171.910000,Low Value,At-Risk Customer
17698,0.705563,1,0.442809,High Risk,169.700000,Low Value,At-Risk Customer
17700,0.178587,0,0.442809,Low Risk,872.290000,Medium Value,Standard Customer
17701,0.697292,1,0.442809,High Risk,165.400000,Low Value,At-Risk Customer
17702,0.229993,0,0.442809,Low Risk,369.700000,Low Value,Standard Customer
17703,0.355971,0,0.442809,Medium Risk,167.000000,Low Value,Standard Customer
17704,0.521665,1,0.442809,Medium Risk,422.920000,Low Value,Standard Customer
17705,0.185607,0,0.442809,Low Risk,492.910000,Low Value,Standard Customer
17706,0.084709,0,0.442809,Low Risk,5050.730000,High Value,Loyal High-Value Customer
17707,0.620364,1,0.442809,Medium Risk,177.810000,Low Value,Standard Customer
17708,0.544695,1,0.442809,Medium Risk,259.850000,Low Value,Standard Customer
17709,0.639088,1,0.442809,Medium Risk,208.770000,Low Value,Standard Customer
17711,0.680211,1,0.442809,High Risk,165.580000,Low Value,At-Risk Customer
17714,0.746150,1,0.442809,High Risk,178.060000,Low Value,At-Risk Customer
17715,0.667947,1,0.442809,High Risk,0.000000,Low Value,At-Risk Customer
17716,0.113351,0,0.442809,Low Risk,2037.470000,High Value,Loyal High-Value Customer
17718,0.692179,1,0.442809,High Risk,172.750000,Low Value,At-Risk Customer
17719,0.092902,0,0.442809,Low Risk,2661.810000,High Value,Loyal High-Value Customer
17720,0.286046,0,0.442809,Low Risk,479.250000,Low Value,Standard Customer
17722,0.137164,0,0.442809,Low Risk,980.830000,Medium Value,Standard Customer
17723,0.355987,0,0.442809,Medium Risk,2406.850000,High Value,Standard Customer
17724,0.502456,1,0.442809,Medium Risk,176.230000,Low Value,Standard Customer
17725,0.103166,0,0.442809,Low Risk,1108.800000,Medium Value,Standard Customer
17730,0.111040,0,0.442809,Low Risk,1280.190000,Medium Value,Standard Customer
17731,0.270885,0,0.442809,Low Risk,419.650000,Low Value,Standard Customer
17732,0.743281,1,0.442809,High Risk,191.170000,Low Value,At-Risk Customer
17733,0.680874,1,0.442809,High Risk,175.890000,Low Value,At-Risk Customer
17734,0.384678,0,0.442809,Medium Risk,222.810000,Low Value,Standard Customer
17735,0.084036,0,0.442809,Low Risk,5652.070000,High Value,Loyal High-Value Customer
17736,0.439532,0,0.442809,Medium Risk,61.950000,Low Value,Standard Customer
17738,0.226005,0,0.442809,Low Risk,827.450000,Medium Value,Standard Customer
17739,0.387617,0,0.442809,Medium Risk,704.050000,Medium Value,Standard Customer
17742,0.450846,1,0.442809,Medium Risk,310.480000,Low Value,Standard Customer
17744,0.264842,0,0.442809,Low Risk,0.000000,Low Value,Standard Customer
17746,0.668369,1,0.442809,High Risk,236.950000,Low Value,At-Risk Customer
17747,0.514760,1,0.442809,Medium Risk,211.580000,Low Value,Standard Customer
17749,0.473270,1,0.442809,Medium Risk,318.850000,Low Value,Standard Customer
17750,0.155845,0,0.442809,Low Risk,0.000000,Low Value,Standard Customer
17752,0.755185,1,0.442809,High Risk,114.580000,Low Value,At-Risk Customer
17754,0.325769,0,0.442809,Low Risk,0.000000,Low Value,Standard Customer
17757,0.085488,0,0.442809,Low Risk,1634.030000,Medium Value,Standard Customer
17758,0.167595,0,0.442809,Low Risk,514.750000,Medium Value,Standard Customer
17759,0.523973,1,0.442809,Medium Risk,219.220000,Low Value,Standard Customer
17760,0.699075,1,0.442809,High Risk,136.920000,Low Value,At-Risk Customer
17763,0.720011,1,0.442809,High Risk,222.000000,Low Value,At-Risk Customer
17764,0.586123,1,0.442809,Medium Risk,124.460000,Low Value,Standard Customer
17765,0.375992,0,0.442809,Medium Risk,296.650000,Low Value,Standard Customer
17768,0.539626,1,0.442809,Medium Risk,141.660000,Low Value,Standard Customer
17769,0.176284,0,0.442809,Low Risk,739.300000,Medium Value,Standard Customer
17770,0.389889,0,0.442809,Medium Risk,816.790000,Medium Value,Standard Customer
17771,0.680645,1,0.442809,High Risk,153.380000,Low Value,At-Risk Customer
17774,0.232920,0,0.442809,Low Risk,686.590000,Medium Value,Standard Customer
17775,0.688360,1,0.442809,High Risk,179.770000,Low Value,At-Risk Customer
17777,0.360221,0,0.442809,Medium Risk,54.970000,Low Value,Standard Customer
17779,0.455192,1,0.442809,Medium Risk,34.410000,Low Value,Standard Customer
17781,0.569733,1,0.442809,Medium Risk,264.480000,Low Value,Standard Customer
17783,0.556123,1,0.442809,Medium Risk,175.360000,Low Value,Standard Customer
17786,0.634806,1,0.442809,Medium Risk,189.080000,Low Value,Standard Customer
17787,0.241257,0,0.442809,Low Risk,914.990000,Medium Value,Standard Customer
17788,0.481634,1,0.442809,Medium Risk,206.010000,Low Value,Standard Customer
17789,0.686186,1,0.442809,High Risk,187.370000,Low Value,At-Risk Customer
17790,0.110286,0,0.442809,Low Risk,799.560000,Medium Value,Standard Customer
17795,0.467202,1,0.442809,Medium Risk,115.890000,Low Value,Standard Customer
17796,0.471039,1,0.442809,Medium Risk,481.400000,Low Value,Standard Customer
17797,0.507560,1,0.442809,Medium Risk,27.910000,Low Value,Standard Customer
17799,0.093309,0,0.442809,Low Risk,1220.340000,Medium Value,Standard Customer
17800,0.181067,0,0.442809,Low Risk,470.740000,Low Value,Standard Customer
17802,0.303181,0,0.442809,Low Risk,268.480000,Low Value,Standard Customer
17809,0.128647,0,0.442809,Low Risk,1478.980000,Medium Value,Standard Customer
17811,0.083716,0,0.442809,Low Risk,2604.670000,High Value,Loyal High-Value Customer
17812,0.675006,1,0.442809,High Risk,140.440000,Low Value,At-Risk Customer
17816,0.580298,1,0.442809,Medium Risk,198.200000,Low Value,Standard Customer
17817,0.630917,1,0.442809,Medium Risk,333.890000,Low Value,Standard Customer
17819,0.192597,0,0.442809,Low Risk,2439.170000,High Value,Loyal High-Value Customer
17820,0.602990,1,0.442809,Medium Risk,184.640000,Low Value,Standard Customer
17827,0.221893,0,0.442809,Low Risk,632.870000,Medium Value,Standard Customer
17828,0.202063,0,0.442809,Low Risk,630.750000,Medium Value,Standard Customer
17829,0.715636,1,0.442809,High Risk,0.000000,Low Value,At-Risk Customer
17830,0.599203,1,0.442809,Medium Risk,311.520000,Low Value,Standard Customer
17837,0.319783,0,0.442809,Low Risk,347.560000,Low Value,Standard Customer
17838,0.384571,0,0.442809,Medium Risk,613.440000,Medium Value,Standard Customer
17841,0.086483,0,0.442809,Low Risk,11782.390000,High Value,Loyal High-Value Customer
17843,0.672301,1,0.442809,High Risk,144.230000,Low Value,At-Risk Customer
17844,0.566577,1,0.442809,Medium Risk,168.860000,Low Value,Standard Customer
17848,0.160195,0,0.442809,Low Risk,508.210000,Medium Value,Standard Customer
17849,0.554949,1,0.442809,Medium Risk,551.470000,Medium Value,Standard Customer
17850,0.197344,0,0.442809,Low Risk,3643.180000,High Value,Loyal High-Value Customer
17854,0.549847,1,0.442809,Medium Risk,299.310000,Low Value,Standard Customer
17855,0.709883,1,0.442809,High Risk,110.670000,Low Value,At-Risk Customer
17856,0.354586,0,0.442809,Medium Risk,683.550000,Medium Value,Standard Customer
17857,0.089606,0,0.442809,Low Risk,8229.860000,High Value,Loyal High-Value Customer
17858,0.119304,0,0.442809,Low Risk,1683.170000,Medium Value,Standard Customer
17859,0.697620,1,0.442809,High Risk,140.140000,Low Value,At-Risk Customer
17860,0.695822,1,0.442809,High Risk,154.300000,Low Value,At-Risk Customer
17861,0.148764,0,0.442809,Low Risk,387.550000,Low Value,Standard Customer
17862,0.751028,1,0.442809,High Risk,186.190000,Low Value,At-Risk Customer
17863,0.216344,0,0.442809,Low Risk,375.800000,Low Value,Standard Customer
17864,0.609544,1,0.442809,Medium Risk,0.000000,Low Value,Standard Customer
17865,0.085634,0,0.442809,Low Risk,3838.850000,High Value,Loyal High-Value Customer
17866,0.484547,1,0.442809,Medium Risk,242.230000,Low Value,Standard Customer
17867,0.279779,0,0.442809,Low Risk,654.880000,Medium Value,Standard Customer
17869,0.336797,0,0.442809,Low Risk,376.940000,Low Value,Standard Customer
17870,0.143254,0,0.442809,Low Risk,320.120000,Low Value,Standard Customer
17871,0.599416,1,0.442809,Medium Risk,96.350000,Low Value,Standard Customer
17873,0.261196,0,0.442809,Low Risk,752.140000,Medium Value,Standard Customer
17874,0.329112,0,0.442809,Low Risk,508.510000,Medium Value,Standard Customer
17877,0.583288,1,0.442809,Medium Risk,155.510000,Low Value,Standard Customer
17879,0.620720,1,0.442809,Medium Risk,193.590000,Low Value,Standard Customer
17880,0.752112,1,0.442809,High Risk,39.220000,Low Value,At-Risk Customer
17881,0.740345,1,0.442809,High Risk,217.960000,Low Value,At-Risk Customer
17883,0.622966,1,0.442809,Medium Risk,187.790000,Low Value,Standard Customer
17884,0.381018,0,0.442809,Medium Risk,166.850000,Low Value,Standard Customer
17886,0.439413,0,0.442809,Medium Risk,227.720000,Low Value,Standard Customer
17887,0.527813,1,0.442809,Medium Risk,188.720000,Low Value,Standard Customer
17888,0.400067,0,0.442809,Medium Risk,118.880000,Low Value,Standard Customer
17889,0.615102,1,0.442809,Medium Risk,243.380000,Low Value,Standard Customer
17890,0.608225,1,0.442809,Medium Risk,189.720000,Low Value,Standard Customer
17891,0.468123,1,0.442809,Medium Risk,0.000000,Low Value,Standard Customer
17892,0.509598,1,0.442809,Medium Risk,155.140000,Low Value,Standard Customer
17893,0.656070,1,0.442809,High Risk,107.120000,Low Value,At-Risk Customer
17894,0.141059,0,0.442809,Low Risk,638.940000,Medium Value,Standard Customer
17897,0.303619,0,0.442809,Low Risk,347.930000,Low Value,Standard Customer
17898,0.574343,1,0.442809,Medium Risk,125.470000,Low Value,Standard Customer
17899,0.550765,1,0.442809,Medium Risk,82.170000,Low Value,Standard Customer
17900,0.480448,1,0.442809,Medium Risk,161.360000,Low Value,Standard Customer
17905,0.345124,0,0.442809,Low Risk,390.220000,Low Value,Standard Customer
17906,0.692295,1,0.442809,High Risk,205.370000,Low Value,At-Risk Customer
17908,0.698241,1,0.442809,High Risk,103.830000,Low Value,At-Risk Customer
17912,0.513578,1,0.442809,Medium Risk,236.420000,Low Value,Standard Customer
17913,0.683129,1,0.442809,High Risk,166.500000,Low Value,At-Risk Customer
17917,0.490026,1,0.442809,Medium Risk,198.930000,Low Value,Standard Customer
17920,0.099792,0,0.442809,Low Risk,980.770000,Medium Value,Standard Customer
17921,0.251875,0,0.442809,Low Risk,329.370000,Low Value,Standard Customer
17923,0.720246,1,0.442809,High Risk,213.310000,Low Value,At-Risk Customer
17924,0.582772,1,0.442809,Medium Risk,465.900000,Low Value,Standard Customer
17925,0.763823,1,0.442809,High Risk,214.670000,Low Value,At-Risk Customer
17926,0.459665,1,0.442809,Medium Risk,180.070000,Low Value,Standard Customer
17928,0.632981,1,0.442809,Medium Risk,187.520000,Low Value,Standard Customer
17929,0.350238,0,0.442809,Medium Risk,603.060000,Medium Value,Standard Customer
17930,0.414980,0,0.442809,Medium Risk,195.590000,Low Value,Standard Customer
17931,0.378597,0,0.442809,Medium Risk,190.470000,Low Value,Standard Customer
17932,0.356234,0,0.442809,Medium Risk,245.560000,Low Value,Standard Customer
17935,0.539039,1,0.442809,Medium Risk,191.080000,Low Value,Standard Customer
17937,0.231421,0,0.442809,Low Risk,2151.890000,High Value,Loyal High-Value Customer
17939,0.609205,1,0.442809,Medium Risk,183.930000,Low Value,Standard Customer
17940,0.099908,0,0.442809,Low Risk,0.000000,Low Value,Standard Customer
17941,0.603609,1,0.442809,Medium Risk,53.240000,Low Value,Standard Customer
17946,0.641997,1,0.442809,Medium Risk,220.710000,Low Value,Standard Customer
17948,0.627672,1,0.442809,Medium Risk,137.550000,Low Value,Standard Customer
17949,0.085664,0,0.442809,Low Risk,30141.570000,High Value,Loyal High-Value Customer
17950,0.557759,1,0.442809,Medium Risk,243.040000,Low Value,Standard Customer
17951,0.616999,1,0.442809,Medium Risk,324.920000,Low Value,Standard Customer
17954,0.087628,0,0.442809,Low Risk,221.090000,Low Value,Standard Customer
17955,0.470710,1,0.442809,Medium Risk,397.050000,Low Value,Standard Customer
17956,0.671804,1,0.442809,High Risk,227.440000,Low Value,At-Risk Customer
17958,0.550291,1,0.442809,Medium Risk,182.430000,Low Value,Standard Customer
17960,0.627151,1,0.442809,Medium Risk,172.070000,Low Value,Standard Customer
17961,0.091817,0,0.442809,Low Risk,291.650000,Low Value,Standard Customer
17962,0.460948,1,0.442809,Medium Risk,102.650000,Low Value,Standard Customer
17964,0.649275,1,0.442809,Medium Risk,102.120000,Low Value,Standard Customer
17965,0.092268,0,0.442809,Low Risk,972.750000,Medium Value,Standard Customer
17966,0.257493,0,0.442809,Low Risk,0.000000,Low Value,Standard Customer
17967,0.715183,1,0.442809,High Risk,167.780000,Low Value,At-Risk Customer
17968,0.708324,1,0.442809,High Risk,97.660000,Low Value,At-Risk Customer
17969,0.508174,1,0.442809,Medium Risk,202.690000,Low Value,Standard Customer
17970,0.612609,1,0.442809,Medium Risk,0.000000,Low Value,Standard Customer
17972,0.617773,1,0.442809,Medium Risk,187.640000,Low Value,Standard Customer
17974,0.640027,1,0.442809,Medium Risk,161.100000,Low Value,Standard Customer
17975,0.095203,0,0.442809,Low Risk,2573.370000,High Value,Loyal High-Value Customer
17976,0.741084,1,0.442809,High Risk,155.970000,Low Value,At-Risk Customer
17978,0.728665,1,0.442809,High Risk,0.000000,Low Value,At-Risk Customer
17979,0.264692,0,0.442809,Low Risk,278.840000,Low Value,Standard Customer
17980,0.430450,0,0.442809,Medium Risk,252.780000,Low Value,Standard Customer
17984,0.532121,1,0.442809,Medium Risk,116.550000,Low Value,Standard Customer
17987,0.602948,1,0.442809,Medium Risk,38.390000,Low Value,Standard Customer
17988,0.298184,0,0.442809,Low Risk,185.920000,Low Value,Standard Customer
17990,0.538078,1,0.442809,Medium Risk,321.540000,Low Value,Standard Customer
17991,0.641886,1,0.442809,Medium Risk,234.790000,Low Value,Standard Customer
17994,0.267877,0,0.442809,Low Risk,271.380000,Low Value,Standard Customer
17995,0.705624,1,0.442809,High Risk,143.080000,Low Value,At-Risk Customer
17997,0.125212,0,0.442809,Low Risk,0.000000,Low Value,Standard Customer
17999,0.659252,1,0.442809,High Risk,165.560000,Low Value,At-Risk Customer
18004,0.722761,1,0.442809,High Risk,178.560000,Low Value,At-Risk Customer
18008,0.207810,0,0.442809,Low Risk,857.980000,Medium Value,Standard Customer
18009,0.531949,1,0.442809,Medium Risk,233.330000,Low Value,Standard Customer
18010,0.676377,1,0.442809,High Risk,189.330000,Low Value,At-Risk Customer
18011,0.743528,1,0.442809,High Risk,182.930000,Low Value,At-Risk Customer
18013,0.521860,1,0.442809,Medium Risk,70.530000,Low Value,Standard Customer
18016,0.341980,0,0.442809,Low Risk,341.550000,Low Value,Standard Customer
18017,0.514371,1,0.442809,Medium Risk,243.780000,Low Value,Standard Customer
18018,0.505444,1,0.442809,Medium Risk,191.440000,Low Value,Standard Customer
18024,0.475960,1,0.442809,Medium Risk,219.810000,Low Value,Standard Customer
18027,0.434930,0,0.442809,Medium Risk,141.660000,Low Value,Standard Customer
18032,0.757060,1,0.442809,High Risk,213.320000,Low Value,At-Risk Customer
18036,0.308802,0,0.442809,Low Risk,174.940000,Low Value,Standard Customer
18037,0.406393,0,0.442809,Medium Risk,142.930000,Low Value,Standard Customer
18040,0.653558,1,0.442809,High Risk,168.760000,Low Value,At-Risk Customer
18041,0.085397,0,0.442809,Low Risk,729.270000,Medium Value,Standard Customer
18043,0.366451,0,0.442809,Medium Risk,209.300000,Low Value,Standard Customer
18044,0.168022,0,0.442809,Low Risk,572.970000,Medium Value,Standard Customer
18048,0.641192,1,0.442809,Medium Risk,201.380000,Low Value,Standard Customer
18050,0.771154,1,0.442809,High Risk,218.720000,Low Value,At-Risk Customer
18055,0.127575,0,0.442809,Low Risk,2432.680000,High Value,Loyal High-Value Customer
18056,0.719578,1,0.442809,High Risk,98.320000,Low Value,At-Risk Customer
18061,0.162833,0,0.442809,Low Risk,1049.230000,Medium Value,Standard Customer
18062,0.444100,1,0.442809,Medium Risk,391.760000,Low Value,Standard Customer
18064,0.427653,0,0.442809,Medium Risk,364.340000,Low Value,Standard Customer
18065,0.149038,0,0.442809,Low Risk,879.160000,Medium Value,Standard Customer
18068,0.753986,1,0.442809,High Risk,237.200000,Low Value,At-Risk Customer
18069,0.156907,0,0.442809,Low Risk,335.820000,Low Value,Standard Customer
18071,0.630082,1,0.442809,Medium Risk,258.340000,Low Value,Standard Customer
18072,0.561970,1,0.442809,Medium Risk,144.280000,Low Value,Standard Customer
18073,0.100546,0,0.442809,Low Risk,1456.890000,Medium Value,Standard Customer
18074,0.774700,1,0.442809,High Risk,141.210000,Low Value,At-Risk Customer
18075,0.107162,0,0.442809,Low Risk,1019.860000,Medium Value,Standard Customer
18077,0.137323,0,0.442809,Low Risk,587.480000,Medium Value,Standard Customer
18078,0.600052,1,0.442809,Medium Risk,265.460000,Low Value,Standard Customer
18079,0.233943,0,0.442809,Low Risk,0.000000,Low Value,Standard Customer
18080,0.598249,1,0.442809,Medium Risk,58.840000,Low Value,Standard Customer
18081,0.423635,0,0.442809,Medium Risk,257.330000,Low Value,Standard Customer
18084,0.693448,1,0.442809,High Risk,235.740000,Low Value,At-Risk Customer
18085,0.618736,1,0.442809,Medium Risk,396.470000,Low Value,Standard Customer
18086,0.715169,1,0.442809,High Risk,159.200000,Low Value,At-Risk Customer
18087,0.301453,0,0.442809,Low Risk,602.490000,Medium Value,Standard Customer
18092,0.128001,0,0.442809,Low Risk,3071.790000,High Value,Loyal High-Value Customer
18093,0.185090,0,0.442809,Low Risk,873.770000,Medium Value,Standard Customer
18094,0.191296,0,0.442809,Low Risk,569.580000,Medium Value,Standard Customer
18095,0.620340,1,0.442809,Medium Risk,227.240000,Low Value,Standard Customer
18097,0.160006,0,0.442809,Low Risk,807.400000,Medium Value,Standard Customer
18099,0.536618,1,0.442809,Medium Risk,101.620000,Low Value,Standard Customer
18101,0.473556,1,0.442809,Medium Risk,192.160000,Low Value,Standard Customer
18102,0.085274,0,0.442809,Low Risk,109583.910000,High Value,Loyal High-Value Customer
18106,0.737936,1,0.442809,High Risk,157.890000,Low Value,At-Risk Customer
18108,0.637907,1,0.442809,Medium Risk,283.060000,Low Value,Standard Customer
18109,0.084657,0,0.442809,Low Risk,1944.880000,Medium Value,Standard Customer
18112,0.565078,1,0.442809,Medium Risk,143.120000,Low Value,Standard Customer
18113,0.785327,1,0.442809,High Risk,200.730000,Low Value,At-Risk Customer
18114,0.659316,1,0.442809,High Risk,190.780000,Low Value,At-Risk Customer
18116,0.132139,0,0.442809,Low Risk,574.610000,Medium Value,Standard Customer
18118,0.084190,0,0.442809,Low Risk,2068.700000,High Value,Loyal High-Value Customer
18119,0.722638,1,0.442809,High Risk,149.290000,Low Value,At-Risk Customer
18120,0.658638,1,0.442809,High Risk,195.920000,Low Value,At-Risk Customer
18121,0.481901,1,0.442809,Medium Risk,225.280000,Low Value,Standard Customer
18122,0.475516,1,0.442809,Medium Risk,154.900000,Low Value,Standard Customer
18125,0.190128,0,0.442809,Low Risk,302.200000,Low Value,Standard Customer
18127,0.486230,1,0.442809,Medium Risk,194.730000,Low Value,Standard Customer
18129,0.654646,1,0.442809,High Risk,191.660000,Low Value,At-Risk Customer
18133,0.649748,1,0.442809,Medium Risk,598.090000,Medium Value,Standard Customer
18135,0.609150,1,0.442809,Medium Risk,157.940000,Low Value,Standard Customer
18136,0.420173,0,0.442809,Medium Risk,365.570000,Low Value,Standard Customer
18138,0.731947,1,0.442809,High Risk,213.990000,Low Value,At-Risk Customer
18141,0.785567,1,0.442809,High Risk,250.180000,Low Value,At-Risk Customer
18142,0.374912,0,0.442809,Medium Risk,48.340000,Low Value,Standard Customer
18143,0.407145,0,0.442809,Medium Risk,292.640000,Low Value,Standard Customer
18144,0.136953,0,0.442809,Low Risk,1277.630000,Medium Value,Standard Customer
18145,0.383735,0,0.442809,Medium Risk,110.990000,Low Value,Standard Customer
18146,0.547804,1,0.442809,Medium Risk,163.310000,Low Value,Standard Customer
18147,0.460037,1,0.442809,Medium Risk,153.870000,Low Value,Standard Customer
18149,0.534686,1,0.442809,Medium Risk,302.400000,Low Value,Standard Customer
18150,0.397374,0,0.442809,Medium Risk,235.760000,Low Value,Standard Customer
18151,0.414449,0,0.442809,Medium Risk,271.440000,Low Value,Standard Customer
18155,0.422813,0,0.442809,Medium Risk,203.110000,Low Value,Standard Customer
18156,0.647442,1,0.442809,Medium Risk,171.960000,Low Value,Standard Customer
18159,0.748889,1,0.442809,High Risk,161.470000,Low Value,At-Risk Customer
18160,0.608555,1,0.442809,Medium Risk,126.370000,Low Value,Standard Customer
18161,0.340116,0,0.442809,Low Risk,428.500000,Low Value,Standard Customer
18165,0.603925,1,0.442809,Medium Risk,52.710000,Low Value,Standard Customer
18167,0.358680,0,0.442809,Medium Risk,358.940000,Low Value,Standard Customer
18168,0.145855,0,0.442809,Low Risk,609.950000,Medium Value,Standard Customer
18170,0.390779,0,0.442809,Medium Risk,353.020000,Low Value,Standard Customer
18171,0.205540,0,0.442809,Low Risk,692.400000,Medium Value,Standard Customer
18172,0.093682,0,0.442809,Low Risk,3631.900000,High Value,Loyal High-Value Customer
18173,0.344099,0,0.442809,Low Risk,671.460000,Medium Value,Standard Customer
18176,0.675279,1,0.442809,High Risk,251.940000,Low Value,At-Risk Customer
18177,0.208197,0,0.442809,Low Risk,579.010000,Medium Value,Standard Customer
18178,0.195007,0,0.442809,Low Risk,723.230000,Medium Value,Standard Customer
18179,0.318171,0,0.442809,Low Risk,484.630000,Low Value,Standard Customer
18180,0.348242,0,0.442809,Low Risk,99.560000,Low Value,Standard Customer
18183,0.386004,0,0.442809,Medium Risk,360.820000,Low Value,Standard Customer
18185,0.657359,1,0.442809,High Risk,108.940000,Low Value,At-Risk Customer
18188,0.713984,1,0.442809,High Risk,139.320000,Low Value,At-Risk Customer
18189,0.508309,1,0.442809,Medium Risk,279.020000,Low Value,Standard Customer
18190,0.507186,1,0.442809,Medium Risk,264.940000,Low Value,Standard Customer
18191,0.698000,1,0.442809,High Risk,141.510000,Low Value,At-Risk Customer
18193,0.498951,1,0.442809,Medium Risk,225.460000,Low Value,Standard Customer
18196,0.324850,0,0.442809,Low Risk,156.810000,Low Value,Standard Customer
18198,0.091021,0,0.442809,Low Risk,1640.940000,Medium Value,Standard Customer
18200,0.509216,1,0.442809,Medium Risk,116.910000,Low Value,Standard Customer
18202,0.397350,0,0.442809,Medium Risk,723.470000,Medium Value,Standard Customer
18203,0.555744,1,0.442809,Medium Risk,180.850000,Low Value,Standard Customer
18204,0.213874,0,0.442809,Low Risk,398.510000,Low Value,Standard Customer
18210,0.698539,1,0.442809,High Risk,193.980000,Low Value,At-Risk Customer
18211,0.432626,0,0.442809,Medium Risk,219.750000,Low Value,Standard Customer
18212,0.705768,1,0.442809,High Risk,164.460000,Low Value,At-Risk Customer
18213,0.633025,1,0.442809,Medium Risk,68.040000,Low Value,Standard Customer
18218,0.373722,0,0.442809,Medium Risk,257.280000,Low Value,Standard Customer
18219,0.155742,0,0.442809,Low Risk,857.880000,Medium Value,Standard Customer
18220,0.651118,1,0.442809,High Risk,166.950000,Low Value,At-Risk Customer
18221,0.256841,0,0.442809,Low Risk,354.680000,Low Value,Standard Customer
18222,0.472604,1,0.442809,Medium Risk,0.000000,Low Value,Standard Customer
18223,0.087822,0,0.442809,Low Risk,2392.830000,High Value,Loyal High-Value Customer
18224,0.695755,1,0.442809,High Risk,185.930000,Low Value,At-Risk Customer
18225,0.103265,0,0.442809,Low Risk,1279.530000,Medium Value,Standard Customer
18226,0.101972,0,0.442809,Low Risk,1835.180000,Medium Value,Standard Customer
18227,0.696102,1,0.442809,High Risk,211.540000,Low Value,At-Risk Customer
18229,0.098398,0,0.442809,Low Risk,3715.260000,High Value,Loyal High-Value Customer
18230,0.153632,0,0.442809,Low Risk,1187.030000,Medium Value,Standard Customer
18231,0.231588,0,0.442809,Low Risk,1267.290000,Medium Value,Standard Customer
18232,0.321968,0,0.442809,Low Risk,324.730000,Low Value,Standard Customer
18233,0.777117,1,0.442809,High Risk,271.100000,Low Value,At-Risk Customer
18235,0.299440,0,0.442809,Low Risk,65.390000,Low Value,Standard Customer
18236,0.290573,0,0.442809,Low Risk,413.350000,Low Value,Standard Customer
18237,0.290177,0,0.442809,Low Risk,322.610000,Low Value,Standard Customer
18239,0.322621,0,0.442809,Low Risk,830.570000,Medium Value,Standard Customer
18241,0.115331,0,0.442809,Low Risk,710.410000,Medium Value,Standard Customer
18242,0.440378,0,0.442809,Medium Risk,275.650000,Low Value,Standard Customer
18245,0.136194,0,0.442809,Low Risk,517.790000,Medium Value,Standard Customer
18246,0.646131,1,0.442809,Medium Risk,192.700000,Low Value,Standard Customer
18248,0.281571,0,0.442809,Low Risk,381.880000,Low Value,Standard Customer
18250,0.666614,1,0.442809,High Risk,249.500000,Low Value,At-Risk Customer
18252,0.622410,1,0.442809,Medium Risk,206.160000,Low Value,Standard Customer
18256,0.780277,1,0.442809,High Risk,286.840000,Low Value,At-Risk Customer
18257,0.130528,0,0.442809,Low Risk,883.800000,Medium Value,Standard Customer
18259,0.708959,1,0.442809,High Risk,188.310000,Low Value,At-Risk Customer
18260,0.185793,0,0.442809,Low Risk,1335.910000,Medium Value,Standard Customer
18261,0.417232,0,0.442809,Medium Risk,137.580000,Low Value,Standard Customer
18262,0.548255,1,0.442809,Medium Risk,83.480000,Low Value,Standard Customer
18263,0.320656,0,0.442809,Low Risk,0.000000,Low Value,Standard Customer
18265,0.483546,1,0.442809,Medium Risk,70.840000,Low Value,Standard Customer
18268,0.494441,1,0.442809,Medium Risk,188.560000,Low Value,Standard Customer
18269,0.736699,1,0.442809,High Risk,246.650000,Low Value,At-Risk Customer
18270,0.610097,1,0.442809,Medium Risk,212.810000,Low Value,Standard Customer
18272,0.175868,0,0.442809,Low Risk,793.980000,Medium Value,Standard Customer
18273,0.488520,1,0.442809,Medium Risk,225.210000,Low Value,Standard Customer
18277,0.688744,1,0.442809,High Risk,237.610000,Low Value,At-Risk Customer
18280,0.699570,1,0.442809,High Risk,206.860000,Low Value,At-Risk Customer
18281,0.649853,1,0.442809,Medium Risk,179.760000,Low Value,Standard Customer
18282,0.434358,0,0.442809,Medium Risk,187.440000,Low Value,Standard Customer
18283,0.103905,0,0.442809,Low Risk,393.960000,Low Value,Standard Customer
18287,0.505207,1,0.442809,Medium Risk,0.000000,Low Value,Standard Customer
